,출연자,제목,회차,조회수,좋아요수,댓글수,재생시간(초),구독자수,term,시청률,직업,성별,나이,수상여부,인지도
0,나영석,[선공개] 유퀴즈에 포위된 나영석 PD! 형이 왜 거기서 나와..?,40,881349,6186,224,314,0,1290,2.6,서비스,M,중년,Y,Y
1,이명진,드라마를 위해 조셉과 거래(?) 하는 이명진PD님 | ,40,173,1,1,109,0,1290,2.6,서비스,M,청년,N,N
2,김부연,[#유퀴즈] 41화 레전드! ′X줄(?) 타는 스카이워크′부터 ′돌아온 의자 브레이커′까지!,41,593,4,1,394,0,1290,2.7,기타,F,중년,N,N
3,김유자,[#유퀴즈] 41화 레전드! ′X줄(?) 타는 스카이워크′부터 ′돌아온 의자 브레이커′까지!,41,593,4,1,394,0,1290,2.7,기타,F,청년,N,N
4,김만순,[#유퀴즈] 41화 레전드! ′X줄(?) 타는 스카이워크′부터 ′돌아온 의자 브레이커′까지!,41,593,4,1,394,0,1290,2.7,기타,F,노년,N,N
5,전정자,[#유퀴즈] 41화 레전드! ′X줄(?) 타는 스카이워크′부터 ′돌아온 의자 브레이커′까지!,41,593,4,1,394,0,1290,2.7,기타,F,중년,N,N
6,강충구,춘천 술 박사님의 알코올 철학에 팩폭 날리는 여사님 | ,41,285,4,1,181,0,1290,2.7,기타,M,중년,N,N
7,김정순,춘천 술 박사님의 알코올 철학에 팩폭 날리는 여사님 | ,41,285,4,1,181,0,1290,2.7,기타,F,중년,N,N
8,한정석,[선공개] 큰 자기 광대 승천♡ 어서 와 ′초등학교썸′은 처음이지? | ,41,156,4,0,248,0,1290,2.7,기타,M,어린이,N,N
9,홍보민,[선공개] 큰 자기 광대 승천♡ 어서 와 ′초등학교썸′은 처음이지? | ,41,156,4,0,248,0,1290,2.7,기타,M,어린이,N,N
10,길태후,[선공개] 큰 자기 광대 승천♡ 어서 와 ′초등학교썸′은 처음이지? | ,41,156,4,0,248,0,1290,2.7,기타,M,어린이,Y,N
11,길흥순,박사마을에는 1가구 1박사 아닌가요? 아닙니다 (단호) | ,41,91,0,0,177,0,1290,2.7,산업,F,중년,Y,N
12,서담희,큰 자기 찐팬♡ 무한 긍정 자기님 등장! | ,43,190,2,0,430,0,1290,2.4,기타,F,청년,N,N
13,세나,점점 올라가는 큰 자기의 진실의 광대? 이건 썸이다♡ | ,43,113,1,0,216,0,1290,2.4,기타,F,청년,Y,N
14,남숙현,조셉과의 착즙 멜로? 자기님도 모르게 온몸 거부ㅋㅋ | ,43,84,1,0,178,0,1290,2.4,산업,F,청년,N,N
15,김기숙,유퀴즈 코너 속 코너! ＜조씨의 이름을 지어라＞,43,70,2,0,212,0,1290,2.4,기타,F,중년,N,N
16,임재윤,유퀴즈 코너 속 코너! ＜조씨의 이름을 지어라＞,43,70,2,0,212,0,1290,2.4,기타,M,청년,N,N
17,이규형,자기님의 꿈이 되어준 아버지 그리고 행복한 기억 | ,43,50,0,0,180,0,1290,2.4,기타,M,청년,N,N
18,김범준,수능 18시간 전! 이 시점에서(?) 고3의 아찔한 고백...☆ | ,45,297,1,0,222,0,1290,2.5,기타,M,청년,Y,N
19,최연애,고덕동 삼 남매.. 아니 조셉까지 사 남매!? | ,45,207,2,0,239,0,1290,2.5,서비스,F,중년,N,N
20,고대영,고덕동 삼 남매.. 아니 조셉까지 사 남매!? | ,45,207,2,0,239,0,1290,2.5,기타,M,청년,Y,N
21,고석교,고덕동 삼 남매.. 아니 조셉까지 사 남매!? | ,45,207,2,0,239,0,1290,2.5,서비스,M,중년,N,N
22,김현지,쌍둥이 자기님들이 제일 많이 듣는 질문 1위는? | ,45,68,0,0,185,0,1290,2.5,기타,F,청년,N,N
23,김현이,쌍둥이 자기님들이 제일 많이 듣는 질문 1위는? | ,45,68,0,0,185,0,1290,2.5,기타,F,청년,N,N
24,이태석,일을 너무 열심히 하셨던 아버지... 자식들에겐 어떤 아버지였나요? | ,45,58,2,0,432,0,1290,2.5,서비스,M,중년,N,N
25,정대례,유재석을 눈물 쏟게 만든 의료진의 한 마디 ′저는 괜찮습니다′ | ,47,71350,997,143,452,0,1290,2.606,전문기술,F,청년,N,N
26,김슬기,임관하자마자 대구로 파견된 간호장교의 각오 | ,47,1285,19,0,167,0,1290,2.606,전문기술,F,청년,N,N
27,서명옥,′왜 꼭 엄마가 가야 해?′ 담담해서 더욱 먹먹한 대구 자원봉사 의료진의 이야기 | ,47,594,12,0,387,0,1290,2.606,전문기술,F,청년,N,Y
28,함범녀,(눈물주의) 코로나19로 아이들과 마지막 인사조차 못한 문방구 할머니 ′얘들아 꼭 와′ | ,47,528,10,0,173,0,1290,2.606,기타,F,노년,Y,N
29,함범녀,사랑했어요! 당신께 충분히 사랑받은 학생들로부터... | ,42,37,2,0,185,60000,1271,2.606,기타,F,노년,Y,N
30,배용호,"위기 속에서도 빛나는 봉사활동! 자기님, 존경합니다! | ",47,298,0,0,186,0,1290,2.606,서비스,M,중년,Y,N
31,이동훈,이 시대의 영웅 ′코로나 맵′ 개발자 자기님의 사명감! | ,47,242,3,1,419,0,1290,2.606,전문기술,M,청년,N,N
32,이지연,코로나19 확진자 진료 책임자 자기님이 말하는 현장 | ,47,201,1,0,294,0,1290,2.606,전문기술,F,청년,N,N
33,이지연,코로나19 확진자 진료 책임자 자기님이 말하는 현장 | ,47,201,1,0,294,0,1290,4.432,서비스,F,청년,N,N
34,이지연,자기 이름을 알아듣고 인사하는 물범 ≥ㅁ≤ 동물들만의 애정표현? ♥#,133,144459,1998,62,201,632009,797,2.606,전문기술,F,청년,N,N
35,이지연,자기 이름을 알아듣고 인사하는 물범 ≥ㅁ≤ 동물들만의 애정표현? ♥#,133,144459,1998,62,201,632009,797,4.432,서비스,F,청년,N,N
36,강미연,"2020년 현재, 대한민국에서 방역 업자로 산다는 것 | ",47,71,1,0,158,0,1290,2.606,서비스,F,중년,N,N
37,차금덕,임대료 50% 인하! 건물주 자기님이 통 큰 결정을 하게 된 사연 | ,47,69,1,0,217,0,1290,2.606,서비스,F,중년,N,N
38,신덕순,다시 만난 유퀴즈 자기님들! 잘 지내셨나요? (ft.뜻밖의 조남지대) |,47,52,0,0,306,0,1290,2.606,서비스,F,중년,N,N
39,김한슬,[#유퀴즈] 48화 레전드! ′고백&꼬심 분담제 자기님′부터 ′숨길 수 없는 크흡!′까지! | ,48,4422,17,2,470,0,1290,2.2,전문기술,F,청년,N,N
40,김건태,[#유퀴즈] 48화 레전드! ′고백&꼬심 분담제 자기님′부터 ′숨길 수 없는 크흡!′까지! | ,48,4422,17,2,470,0,1290,2.2,전문기술,M,청년,N,N
41,최자영,(꿀잼퀴즈) O초전에 클릭하면 수강신청 성공률이 높아진다? | ,48,2552,12,0,99,0,1290,2.2,기타,F,청년,N,N
42,최희화,′엄마 보고싶어′ 천하장사 자기님이 하늘에 올리는 편지 | ,48,1125,13,1,228,0,1290,2.2,운동선수,F,청년,Y,N
43,김지헌,"[선공개] 잠복(?) 중인 예능캐 낸자기님, 당황했나요 hoxy~? | ",48,371,1,0,161,0,1290,2.2,기타,F,청년,Y,N
44,최정희,직장을 그만 둔 자기님! ,48,100,2,0,461,0,1290,2.2,서비스,F,청년,N,N
45,신원호,신원호 PD에게 ′이우정 작가′란? 그리고... 가장 큰 고민은? | ,49,9755,53,3,114,0,1290,2.5,서비스,M,청년,Y,Y
46,김대주,기승전 산티아고? 무한도전 종영 후 가장 아쉬웠던 것은? | ,49,2636,21,1,150,0,1290,2.5,예술인,F,청년,N,N
47,김란주,기승전 산티아고? 무한도전 종영 후 가장 아쉬웠던 것은? | ,49,2636,21,1,150,0,1290,2.5,예술인,F,청년,N,Y
48,정종연,강호동을 만난 정종연 PD! 가장 기억에 남았던 그 말은? | ,49,1269,14,0,108,0,1290,2.5,서비스,M,청년,N,Y
49,이명한,쫓기는(?) 티벤져스의 캡틴? tvN 이명한 본부장님 출격!! | ,49,382,5,1,123,0,1290,2.5,서비스,M,중년,Y,Y
50,이윤수,[선공개] 서울대에 효심까지? 드래곤(?) 끝판왕 ′장수′의 아들 윤수 자기님☆ | ,50,434,3,0,395,0,1290,2.323,기타,F,청년,N,N
51,이윤수,(학부모님 시청 금지) 장수의 아들! 서울대 새내기 등장♨ | ,50,254,6,0,221,0,1290,2.323,기타,F,청년,N,N
52,이준서,수학 18점에서 전교 1등까지?! 자기님의 내신 FLEX☆ | ,50,280,3,0,138,0,1290,2.323,기타,M,청년,Y,N
53,김민주,부모님에게 들려주고 싶은 새내기 자기님의 속마음... | ,50,74,1,0,188,0,1290,2.323,기타,F,청년,N,N
54,박영서,서울 택시 괴담보다 무서운(?) 조셉의 환상 몸개그☆ | ,50,64,2,0,117,0,1290,2.323,기타,F,청년,N,N
55,박서현,서울 택시 괴담보다 무서운(?) 조셉의 환상 몸개그☆ | ,50,64,2,0,117,0,1290,2.323,기타,F,청년,N,N
56,오동고 프란시스 응고메 오켈로,케냐에 가서도 빨리빨리! 한국에 너무 익숙해진 프란시스... | ,51,1243,14,0,151,0,1290,2.735,기타,M,청년,N,N
57,재재,이것이 유교걸 재재의 인터뷰다! 조사당하는 자기들? | ,51,1192,22,0,153,0,1290,2.735,연예인,F,청년,Y,Y
58,장명숙,밀라논나 스타일로 재해석! 큰 자기&아기자기의 패션 변신☆ | ,51,1084,16,0,231,0,1290,2.735,예술인,F,노년,Y,N
59,박지선,박지선 교수님의 반전 매력♡ ′범죄? 저지르지 마!′ | ,52,3503,81,4,196,0,1290,2.601,연예인,F,청년,N,Y
60,유성호,죽어야 만나는 남자? 법의학자 유성호 교수님이 말하는 ′부검′ 이야기 | ,52,2976,34,7,417,0,1290,2.601,사회복지,M,중년,Y,Y
61,표창원,프로파일러 표창원! 그가 말하는 안타까운 대한민국 미제 사건들 | ,52,1570,18,3,377,0,1290,2.601,전문기술,M,중년,Y,Y
62,진용진,카메라 울렁증 ′그것을 알려드림′ 유튜버??? | ,52,867,15,3,159,0,1290,2.601,예술인,M,청년,N,Y
63,진용진,너무나 궁금했던 그 질문! ′부자들도 요구르트 뚜껑 핥아먹나요...?′ | ,52,450,10,0,109,0,1290,2.601,예술인,M,청년,N,Y
64,김정기,[#유퀴즈] 난이도 최상! 반전의 연속! 100% 실화 리얼 '씨씨의 세계' |,53,3902,99,8,409,0,1290,2.009,서비스,F,청년,N,N
65,이봉수,답답헀던 그때 그 마음... 베트남 전쟁에 참전한 이유 | ,53,3323,39,5,193,0,1290,2.009,기타,M,노년,Y,N
66,김선기,"[#유퀴즈] 존경하는 나의 어머니, 그리고 그 '어머니'에게 올리는 눈물의 편지 |",53,1804,19,0,406,0,1290,2.009,기타,M,청년,N,N
67,장효인,′효인아 뭐가 필요하니?′ 역시 미담 머신 큰 자기☆ | ,54,4407,58,2,87,0,1290,2.095,사회복지,F,청년,Y,Y
68,이명학,일타 강사 이명학에게 묻는다! 공부 잘하는 방법은? #복해불러리 | ,54,2871,32,0,240,0,1290,2.095,연예인,M,청년,Y,Y
69,송미경,숙제 빌런(?) 송미경 선생님! 큰 자기에게까지 숙제를?? | ,54,172,3,1,216,0,1290,2.095,사회복지,F,청년,Y,N
70,존리,[선공개] 알고 보니 땅에다 돈을 버리는 조셉??? ′부자′란 무엇인가! | ,55,497,11,0,229,0,1290,2.357,연예인,M,청년,N,N
71,안은진,[선공개] 찐자기님♡ 추민하&도재학 자기님의 신선한 친구 자랑(?) 토크 | ,56,906,18,2,265,0,1290,3.109,연예인,F,청년,Y,Y
72,안은진,[선공개] 찐자기님♡ 추민하&도재학 자기님의 신선한 친구 자랑(?) 토크 | ,56,906,18,2,265,0,1290,5.2,연예인,F,청년,Y,Y
73,안은진,안은진 자기님의 청룡영화상 드레스 사고 해명(?) + 귀여운 랜플댄 포함♥#,222,320892,2814,228,630,"881,000",64,3.109,연예인,F,청년,Y,Y
74,안은진,안은진 자기님의 청룡영화상 드레스 사고 해명(?) + 귀여운 랜플댄 포함♥#,222,320892,2814,228,630,"881,000",64,5.2,연예인,F,청년,Y,Y
75,정문성,[선공개] 찐자기님♡ 추민하&도재학 자기님의 신선한 친구 자랑(?) 토크 | ,56,906,18,2,265,0,1290,3.109,연예인,M,청년,N,Y
76,김호중,[선공개] 트바로티 김호중! 떡잎부터 남달랐다...?! (feat. 겸손한 조셉) | ,57,157630,4105,105,176,0,1290,3.086,연예인,M,청년,N,Y
77,김민재,[선공개] 범죄도시 마동석의 모델이... 러블리한 경위님?♡ (feat. 코 자기) | ,60,2835,40,0,157,0,1290,2.852,연예인,M,청년,Y,Y
78,백현,[하이라이트] #유퀴즈온더블럭 EXO 백현 자기님의 진솔 매력 모음! |,61,9963,497,25,452,0,1290,2.52,연예인,M,청년,N,Y
79,임하룡,[선공개] 이것이 대부 임하룡의 입담! 방심할 수 없는 화려한 티키타카☆ | ,62,4769,72,6,287,0,1290,2.753,연예인,M,중년,N,Y
80,최유나,[선공개] ′사랑과 전쟁′은 순한 맛?! 큰 자기 도플갱어(?) 이혼 전문 최유나 변호사 | ,63,6445,67,1,356,0,1290,3.241,전문기술,F,청년,N,N
81,주언규,[#하이라이트#] 월 1억 8천! 퇴사하고 5년만에 월 수입 100배?! | ,64,1231,22,0,626,0,1290,3.241,예술인,M,청년,Y,N
82,정우성,[#하이라이트#] 정우성 자기님... 짜릿해 늘 새로워♡ 우성탐구생활.zip | ,65,97812,1104,111,649,0,1290,3.466,연예인,M,중년,Y,Y
83,황상만,"약촌오거리 살인사건, ′무죄′가 선고되던 그날 | ",65,11031,234,20,230,0,1290,3.466,사회복지,M,중년,N,N
84,권문현,전설의 수문장! 44년 경력의 호텔 도어맨 자기님 | ,65,259990,2385,180,269,0,1290,3.466,서비스,M,청년,N,N
85,김새별,[#하이라이트#] 특수청소 전문 김새별 대표가 전하는 '삶'의 이야기 | ,66,239496,4153,289,570,20000,1283,2.736,연예인,F,청년,N,N
86,김창한,[#하이라이트#] 배틀그라운드의 아버지! 의외의 허술美...★ 배그 비하인드 썰 다 모았다! | ,66,338282,2470,351,643,20000,1283,2.736,전문기술,M,청년,N,N
87,김예지,피아니스트에서 국회의원이 된 김예지 자기님의 이야기 | ,66,52131,781,90,195,20000,1283,2.736,사회복지,F,중년,N,Y
88,남형도,"브래지어, 남자가 입어봤다? 구독자 수 1위 기자님의 체헐리즘! | ",66,3606,62,0,179,20000,1283,2.736,서비스,M,청년,Y,N
89,김동우,"[#하이라이트#] 흐려지는 역사를 붙잡아 기록하는 사진작가들, 라미 작가& 김동우 자기님#",67,166166,1750,244,1478,40000,1275,2.174,예술인,M,중년,Y,N
90,박건호,"[#하이라이트#] 일제의 만행, 고문하고 매장하고 방치하고... 우리가 역사를 잊으면 안되는 이유 | ",67,110085,2405,230,614,40000,1275,2.174,예술인,M,중년,Y,N
91,문수일,8호 감방에 유관순 열사와 함께 수감됐던 어머니 | ,67,54543,604,97,161,40000,1275,2.174,기타,M,노년,N,N
92,한순옥,′모두가 만세 부르고...′ 한순옥 여사님이 기억하는 광복의 순간! | ,67,2300,91,4,116,40000,1275,2.174,기타,F,노년,N,N
93,진성호,[#유퀴즈] 큰 자기 도플갱어 선생님! 안경 도수까지 똑같다고...? (소름) ,46,28841,403,31,350,60000,1271,2.5,사회복지,M,청년,N,N
94,김혜진,[#유퀴즈] 당신의 삶이 '일시정지'가 된 적이 있었나요?,46,22394,300,17,275,60000,1271,2.5,기타,F,청년,N,N
95,현순심,인생이 온통 바다였던 해녀의 삶... 그들에게 듣는 '바다의 의미' | ,46,4418,90,4,325,60000,1271,2.5,서비스,F,중년,Y,N
96,고병선,인생이 온통 바다였던 해녀의 삶... 그들에게 듣는 '바다의 의미' | ,46,4418,90,4,325,60000,1271,2.5,서비스,F,중년,Y,N
97,김동일,제주도에서 만난 자기님은 '이야기보따리'☆ | ,46,850,7,0,337,60000,1271,2.5,기타,M,청년,Y,N
98,송광호,[#유퀴즈] 연애만 11년! 신혼부부가 말하는 '연애와 결혼의 차이'는? ,42,629306,2518,161,362,60000,1271,2.3,연예인,M,청년,N,N
99,강명은,[#유퀴즈] 연애만 11년! 신혼부부가 말하는 '연애와 결혼의 차이'는? ,42,629306,2518,161,362,60000,1271,2.3,기타,F,청년,N,N
100,함범녀_2,"따뜻한 놀이터, 할머니가 계시던 그곳 '후암동 문방구' | ",42,3308,68,6,403,60000,1271,2.3,기타,F,노년,Y,N
101,정영석,기다림의 고통...ㅋㅋ 유쾌한 자기님의 생생한 보조 출연 후기 | ,42,460,7,0,437,60000,1271,2.3,예술인,M,청년,Y,N
102,전종안,기적의 자기님' 하루 만에 빠다(?) 발음 고치는 방법! | ,42,78,0,0,204,60000,1271,2.3,사회복지,M,중년,Y,N
103,홍시율,큰 자기의 원활한 토크 진행을 위해! 믿고 맡기는 아기자기 육아☆ | ,42,38,0,0,208,60000,1271,2.3,사회복지,M,청년,N,N
104,홍동규,큰 자기의 원활한 토크 진행을 위해! 믿고 맡기는 아기자기 육아☆ | ,42,38,0,0,208,60000,1271,2.3,사회복지,M,중년,N,N
105,박정호,교도관들의 딜레마... 딸 굶겨 죽인 '게임중독 부부'를 마주했다... | ,68,1348204,9364,1205,105,60000,1271,3.617,사회복지,M,중년,N,N
106,박진영,[#하이라이트#] JYP는 다 계획이 있구나? 캐릭터 뚜렷한 박진영 자기님 모음.zip | ,68,1235142,12852,908,733,60000,1271,3.617,연예인,M,중년,N,Y
107,심은이,[#하이라이트#] 유재석에게 죽음이란..? 살면서 만나고 싶지 않을 ′죽음′에 관한 이야기 | ,68,806772,7765,812,702,60000,1271,3.617,서비스,F,중년,N,N
108,이승훈,처... 천억이요!? COVID-19 신약 개발이 그토록 오래 걸리는 이유 | ,68,85863,612,105,166,60000,1271,3.617,전문기술,M,중년,Y,N
109,서권순,악한(?) 시어머니 전문 서권순 자기님의 솔직 당당 반전 매력♡ | ,68,9951,105,9,178,60000,1271,3.617,연예인,F,중년,N,Y
110,김지희,제주살이를 꿈꾸는 당신께! 현실적인 조언을 드립니다☆ | ,46,126835,729,68,266,80000,1262,2.5,서비스,F,중년,Y,N
111,정만택,제주살이를 꿈꾸는 당신께! 현실적인 조언을 드립니다☆ | ,46,126835,729,68,266,80000,1262,2.5,서비스,M,중년,N,N
112,윤종계,[#하이라이트#] 치-멘! 양념치킨 창시자 윤종계 자기님 현웃 모음★ | ,69,199323,2228,348,787,80000,1262,3.867,산업,M,노년,N,N
113,범녀할머니,그동안 정말 감사했습니다...! 후암동 문방구 사장님의 아름다운 안녕 | ,69,55487,958,70,747,80000,1262,3.867,기타,F,노년,N,N
114,권용태,전 세계 대유행 토끼모자! 그런데 총수익이...? (=특허의 중요성) | ,69,5060,86,14,253,80000,1262,3.867,전문기술,M,중년,Y,N
115,양재명,네? 400kg요? 국내 최대 ′슈퍼호박′을 키워낸 양재명 자기님! | ,69,1600,31,4,144,80000,1262,3.867,산업,M,중년,Y,N
116,이승주,[선공개] 다시 만난 레전드 띵언 어린이 자기님들☆ 그들이 말하는 Z세대는? #,70,58911,779,104,324,100000,1255,2.906,기타,M,어린이,N,N
117,송수연,[선공개] 다시 만난 레전드 띵언 어린이 자기님들☆ 그들이 말하는 Z세대는? #,70,58911,779,104,324,100000,1255,2.906,사회복지,F,중년,N,N
118,진현우,"′날아라 슛돌이′ 자기님께 듣는 슛돌이들 근황!? (feat. 지승준, 김태훈) #",70,32900,163,21,149,100000,1255,2.906,운동선수,M,청년,N,N
119,오지우,"′날아라 슛돌이′ 자기님께 듣는 슛돌이들 근황!? (feat. 지승준, 김태훈) #",70,32900,163,21,149,100000,1255,2.906,운동선수,M,청년,N,N
120,이정희,"최루탄을 맞고 쓰러진 이한열 열사... 1987년 6월 9일, 그날의 기억 #",70,24435,289,17,258,100000,1255,2.906,사회복지,F,중년,Y,N
121,이욱진,′커피숍과 카페의 차이는...′ X세대 자기님의 ′파르펙트′한 설명☆ #,70,7426,83,8,166,100000,1255,2.906,전문기술,F,청년,N,N
122,민석기,독일로 떠나던 그날... 산업화세대 민석기 자기님의 생생한 이야기 #,70,6542,90,14,205,100000,1255,2.906,산업,M,중년,Y,N
123,윤주은,인생 N회차? 토크 고수 어린이 자기님의 띵언 제조 현장! | ,44,13697,329,28,428,120000,1249,3.2,기타,F,어린이,N,N
124,남진현,아기자기 친척 아니세호? 조셉 도플갱어 자기님 등장! | ,44,9952,191,27,320,120000,1249,3.2,기타,F,중년,N,N
125,이정숙,(눈물 주의) '우리 어머니는요..' 자기들을 울린 위대한 모정 | ,44,5292,40,2,387,120000,1249,3.2,서비스,F,중년,Y,N
126,이민희,큰 자기 유재석에게 가장 잘 어울리는 안경 스타일은? | ,44,112,0,0,123,120000,1249,3.2,서비스,F,중년,Y,N
127,이민희,아기자기의 투머치 멘트 외면하는 자기님 ㅋㅋㅋ | ,44,26,0,0,139,120000,1249,3.2,서비스,F,중년,Y,N
128,조재동,기술을 배울 수밖에 없었던 자기님이 장인이 되기까지... | ,44,38,0,0,233,120000,1249,3.2,서비스,M,중년,Y,N
129,권성기,큰 자기를 울린 결혼 10주년 부부의 애틋한 사랑...♡ | ,41,8430,165,9,401,120000,1249,2.7,서비스,M,중년,Y,N
130,김지명,[#하이라이트#] 수능만점자 프린스 홍★ 민준홍의 자만추(?) 연애스토리 공개! UN프로그램에서 만났다..? #,71,861241,9879,911,770,120000,1249,3.398,기타,M,청년,N,N
131,민준홍,[#하이라이트#] 수능만점자 프린스 홍★ 민준홍의 자만추(?) 연애스토리 공개! UN프로그램에서 만났다..? #,71,861241,9879,911,770,120000,1249,3.398,기타,M,청년,N,N
132,김성민,유럽 물리올림피아드 싹쓸이?! 과학고 자기님들과의 부끄러운(?) 토크 #,71,22640,230,13,230,120000,1249,3.398,기타,M,어린이,N,N
133,서지음,[#하이라이트#] (띵곡 비하인드) 서지음 작사가 Pick은? 오마이걸 windy day♥ 레드벨벳 LP♥ #,71,543640,8201,681,711,120000,1249,3.398,예술인,F,청년,N,Y
134,최현민,유럽 물리올림피아드 싹쓸이?! 과학고 자기님들과의 부끄러운(?) 토크 #,71,22640,230,13,230,120000,1249,3.398,기타,M,어린이,N,N
135,백희나,국내 최초 ′아스트리드 린드그렌상′ 수상!? 구름빵 백희나 자기님! #,71,13815,284,16,172,120000,1249,3.398,예술인,F,중년,N,N
136,임두원,최대 난제 탕수육 부먹 vs 찍먹! ′과학적′으로 분석해본다면...? #,71,4910,50,31,249,120000,1249,3.398,전문기술,M,중년,N,N
137,유꽃비,[#하이라이트#] 주류회사 팀장님의 멘트 클라쓰ㅋㅋ 일반인 레전드 유꽃비 자기님 모음ZIP #,72,2051751,21795,1859,682,140000,1241,3.689,서비스,F,청년,Y,N
138,변상희,[#하이라이트#] 우당탕탕 신입사원 눈 떠보니 아침 햇살이 눈부시고 새가 지저귀고 팀장님 부재중 전화 5통 썰#,72,521109,3106,222,1036,140000,1241,3.689,서비스,F,청년,Y,N
139,소재현,[#하이라이트#] 우당탕탕 신입사원 눈 떠보니 아침 햇살이 눈부시고 새가 지저귀고 팀장님 부재중 전화 5통 썰#,72,521109,3106,222,1036,140000,1241,3.689,서비스,F,중년,N,N
140,박광주,사장님보다 연봉이 높은 부장님? 우리나라 자동차 판매 1위! 영업왕 자기님 #,72,208375,954,136,209,140000,1241,3.689,서비스,M,청년,Y,N
141,박용준,[선공개] 네? 초콜릿 어묵이요ㅇ_ㅇ? 천억 매출의 신화! 어묵 계의 스티브 잡스☆ #,72,102982,727,84,275,140000,1241,3.689,서비스,M,청년,N,N
142,신민아,[#하이라이트#] 러블리의 인간화! 솔직 매력 뿜뿜하는 신민아 자기님 모음ZIP,73,1278219,6437,271,580,160000,1232,4.032,연예인,F,청년,N,Y
143,오진우,프로망붕러 광대 폭발♡ 과속스캔들 실사판 자기님들! | ,43,81214,700,23,554,160000,1232,2.4,기타,M,청년,N,N
144,이현주,프로망붕러 광대 폭발♡ 과속스캔들 실사판 자기님들! | ,43,81214,700,23,554,160000,1232,2.4,기타,F,청년,N,N
145,이금주,비행기도 끼어들기를 한다!? 하늘길을 만드는 관제사 자기님! #,73,15007,170,5,189,160000,1232,4.032,서비스,F,청년,Y,N
146,김선태,큰 자기 충격...! 충주시 홍보맨 자기님이 받아본 악플들ㅠㅠ #,73,9502,126,6,149,160000,1232,4.032,사회복지,M,청년,N,N
147,김춘재,락스는 잘못이 없어요ㅠㅠ 자기님이 알려주는 락스에 관한 오해들 #,73,9194,89,7,169,160000,1232,4.032,서비스,M,청년,N,N
148,김태현,문재인 대통령-트럼프 대통령 사이에서 밥 먹은 자기님의 역대급 SSUL #,73,4989,46,4,274,160000,1232,4.032,사회복지,M,노년,Y,N
149,올레디,[#하이라이트#] 걸크 뿜뿜♨ 댄스 듀오 '올레디' 자기님들의 고추냉이 맛 토크 모아봤zip #,74,2836030,32179,1761,506,180000,1227,2.487,예술인,F,청년,N,N
150,이수영,신혼생활 2년 차♥ 이수영 회장님이 결혼을 결심한 이유!? #,74,1509755,9879,443,197,180000,1227,2.487,산업,M,노년,Y,N
151,이날치,밴드와 국악의 환상 조화! '이날치'의 노래가 작자 미상인 이유? #,74,1312765,10580,391,159,180000,1227,2.487,예술인,F,중년,N,Y
152,이상혁_2,[#하이라이트#] e스포츠의 전설 '페이커' 유퀴즈 등판! '우리혁'의 차분~한 입담 모아보기.zip,74,3134317,39388,5576,525,180000,1227,2.487,운동선수,M,청년,N,N
153,이봉식,"""곳곳에 널브러진 시신들.."" 해병대 1기 이봉식 선생님의 인천상륙작전 이야기 #",74,47595,725,99,206,180000,1227,2.487,기타,M,노년,Y,N
154,윤선영,손 모델 자기님의 남다른 직업의식! 철저한 '금손' 관리법은?  #,75,514407,1928,352,183,220000,1217,3.188,예술인,F,청년,Y,N
155,김관훈,[#하이라이트#] 누구보다 떡볶이에 진심인 두끼 떡볶이 대표 김관훈 자기님.zip   #,75,268982,2652,225,637,220000,1217,3.188,서비스,M,청년,N,N
156,권지안,[#하이라이트#] 찐아티스트로 거듭난 금손!! 매력 터지는 솔비 자기님 모아보기   #,75,85064,881,740,478,220000,1217,3.188,서비스,F,청년,N,N
157,권동호,"""수어는 서비스가 아니에요"" 수어통역사 권동호 자기님이 바라는 점  #",75,65721,1331,81,230,220000,1217,3.188,전문기술,M,중년,Y,N
158,석노기,써본 사람만 안다! 감탄을 부르는 대장장이 자기님의 호미 부심  #,75,20686,291,15,165,220000,1217,3.188,예술인,M,중년,Y,N
159,김철민,[#하이라이트#] 난리났네 난리났어! 부산세관 김철민팀장님의 현웃 성대모사ㅋㅋㅋㅋㅋ (feat.뭉게구름 화법) #,76,1625367,16144,992,598,240000,1212,3.542,사회복지,M,청년,N,N
160,김찬석,신문사 국장이었던 김찬석 자기님이 9급 공무원이 된 이유 #,76,407690,4899,232,184,240000,1212,3.542,사회복지,M,중년,N,N
161,박정민,[#하이라이트#] 어딘가 이상하게 친절한(?) 기상청 박정민 예보관 자기님 모아보기 #,76,146311,1303,236,639,240000,1212,3.542,연예인,M,청년,Y,Y
162,박정민,[#하이라이트#] 어딘가 이상하게 친절한(?) 기상청 박정민 예보관 자기님 모아보기 #,76,146311,1303,236,639,240000,1212,4.633,연예인,M,청년,Y,Y
163,이제길,무인도 '격렬비열도'를 지키는 등대지기 자기님에게... '휴일'이란?#,76,119761,814,60,131,240000,1212,3.542,사회복지,M,청년,Y,N
164,송지헌,[#하이라이트#] 경력 끝판왕☆ 거쳐간 직업만 4개?! 송지헌 자기님 모음.zip#,77,616623,7010,827,649,260000,1206,4.009,기타,F,청년,N,N
165,박승희,[#하이라이트#] 은퇴가 제일 쉬웠어요(?) 세상 쿨한 박승희 자기님 모아보기#,77,604317,4331,262,529,260000,1206,4.009,전문기술,F,청년,Y,Y
166,김영삼,[선공개] 개그맨 출신 치과의사! 샤이가이(?) 김영삼 자기님 (feat. 조셉의 치아 미스터리) #,77,361815,2871,216,301,260000,1206,4.009,전문기술,M,중년,N,Y
167,권진성,28년간의 꿈이 현실이 되었을 때...! 가장 먼저 든 생각은? #,77,81824,765,113,208,260000,1206,4.009,전문기술,M,중년,N,N
168,김재연,[#하이라이트#] 온종일 돼지고기 썰다가 미국 유학 전액장학금 연락도 안 받은(!) 카이스트 출신 자기님 #,78,2265351,13831,1432,804,280000,1198,3.737,서비스,M,청년,N,N
169,울프 슈뢰더,[#하이라이트#] 'I LOVE 부대찌개♥' 대한미국인 울프 슈뢰더 자기님 모음 #,78,1372911,13401,803,639,280000,1198,3.737,기타,M,청년,N,N
170,김지민,다니던 직장까지 그만둔 열정! 백종원도 인정한 어류 칼럼니스트 자기님 #,78,269540,1726,176,189,280000,1198,3.737,산업,F,청년,Y,N
171,김기환,[#하이라이트#] '대표님 사랑해요♥' 막걸리 대표 자기님과 격한(?) 직원들 모음.zip #,78,210270,1575,119,502,280000,1198,3.737,서비스,M,중년,Y,N
172,김용덕,"김용덕 자기님의 목표는,,,  '나의 업을 국가의 경쟁력으로 만드는 것!"" #",78,21735,352,16,111,280000,1198,3.737,서비스,M,중년,Y,N
173,김의주,[#하이라이트#] 전국에 딱 7명 있는 직업? 국과수 자기님들과의 토크 #,79,4163492,34143,2629,559,300000,1191,3.382,전문기술,F,청년,Y,N
174,곽유진,[#하이라이트#] 전국에 딱 7명 있는 직업? 국과수 자기님들과의 토크 #,79,4163492,34143,2629,559,300000,1191,3.382,예술인,M,청년,Y,N
175,이동계,미세증거 전문가 이동계 자기님께 듣는 경남 로프줄 절단 사건 이야기#,79,758956,5580,752,258,300000,1191,3.382,전문기술,M,중년,Y,N
176,이동섭,강호순 연쇄살인사건이 끝날 수 있었던 결정적인 증거가 DNA?!#,79,598560,4215,173,229,300000,1191,3.382,전문기술,M,청년,N,N
177,김희송,[#하이라이트#] 괄약근의 움직임으로 범인 잡는 의자가 있다?! 우리가 몰랐던 흥미로운 거짓말탐지의 세계#,79,323669,2576,85,633,300000,1191,3.382,전문기술,M,중년,N,N
178,박남규,박남규 자기님이 화재감식 전문가 일을 하면서 생긴 트라우마#,79,36762,353,5,86,300000,1191,3.382,전문기술,M,중년,Y,N
179,박남규,박남규 자기님이 화재감식 전문가 일을 하면서 생긴 트라우마#,79,36762,353,5,86,300000,1191,4.563,사회복지,M,청년,Y,N
180,박남규,[선공개] “대마 냄새를 아시나요?” 마약 전문 형사가 말하는 한국 마약 실태#,201,141785,944,178,107,"817,000",218,3.382,전문기술,M,중년,Y,N
181,박남규,[선공개] “대마 냄새를 아시나요?” 마약 전문 형사가 말하는 한국 마약 실태#,201,141785,944,178,107,"817,000",218,4.563,사회복지,M,청년,Y,N
182,박치우,[선공개] 속초 시내를 사수하라! 사상 최악의 산불 속으로 뛰어들었던 박치우 구조대원#,80,77749,1114,102,333,320000,1185,3.328,사회복지,M,청년,Y,N
183,김진선,[선공개] 2시간 코스? 40분 만에 돌파! 등산객을 지키는 북한산의 산신령 '산악구조대'#,80,48792,625,55,279,320000,1185,3.328,사회복지,F,청년,Y,N
184,조진영,10년 차 소방관! 119종합상황실 조진영 소방장님의 수당은...?#,80,41388,332,40,102,320000,1185,3.328,사회복지,F,청년,N,N
185,김명배,대구 지하철 화재현장에 최초 진입! 김명배 소방위님께 듣는 당시 이야기#,80,27833,283,44,363,320000,1185,3.328,사회복지,M,중년,N,N
186,신미애,신미애 소방위님께 직접 듣는 '구급대원의 긴급 출동 상황'#,80,5339,80,1,102,320000,1185,3.328,사회복지,F,청년,Y,N
187,김정현,[선공개] 이것이 모범생의 광기다...! 어쩌다 'BTS 여고생' (feat. 조회 수 700만!)#,81,913338,12468,753,282,340000,1178,3.637,연예인,F,중년,Y,N
188,정상훈,친구들의 '좋아요'로 알게되어버린 아빠의 SNS 영향력(?) #,81,92386,796,30,114,340000,1178,3.637,사회복지,M,청년,Y,N
189,장기하,[#하이라이트#] 어쩌다 베스트셀러 작가 장기하 자기님과의 토크 #,81,63146,688,23,328,340000,1178,3.637,연예인,M,중년,N,Y
190,조규태,안중근 의사의 재판 당시 기록?! 이걸 어디서 나셨어요...?? #,81,21679,428,20,274,340000,1178,3.637,기타,M,중년,Y,N
191,조민기,안중근 의사의 재판 당시 기록?! 이걸 어디서 나셨어요...?? #,81,21679,428,20,274,340000,1178,3.637,기타,M,청년,Y,N
192,한상원,큰 자기 리얼 웃음 폭발ㅋㅋ 유퀴즈 역대 가장 웃긴 오답!,81,5096956,35070,1617,156,340000,1178,3.637,예술인,M,청년,N,Y
193,이종효,이종효 자기님 카페 농번기 인기 메뉴ㅋㅋ 믹스커피x3 셰이크☆#,82,100151,825,58,121,360000,1171,4.866,서비스,M,청년,N,N
194,월호,대기업 출신(?)에서 스님이 되신 결정적 이유! '죽음에 대한 의문'#,82,44480,396,36,155,360000,1171,4.866,사회복지,M,중년,Y,N
195,김지용,정신과 전문의로서 가장 힘든 점... 환자와 함께 출렁이는 감정들ㅠㅠ#,82,33485,513,15,120,360000,1171,4.866,전문기술,M,중년,Y,N
196,공유,[선공개] 겨울이면 괜히 더 보고 싶어지는 배우! 공유가 ,82,739796,16868,821,449,360000,1172,4.866,연예인,M,중년,Y,Y
197,강방천,[#하이라이트#] IMF 때 1억 투자로 156억을 만든 주식의 대가! 강방천 자기님#,82,357239,2321,171,415,360000,1173,4.866,산업,M,노년,N,N
198,조석,유퀴즈에 놀러와 자기들을 뒤집어놓은 월클? 웹툰 작가님 모음! 야옹이 &조석 #여신강림 #마음의소리 #highlight #유퀴즈온더블럭,65,2377729,18288,3002,1013,380000,1164,3.466,예술인,M,중년,N,Y
199,최소라,[선공개] 세계적 브랜드들의 뮤즈☆ 스산하게(?) 등장한 월클 모델 최소라 자기님#,83,793741,8414,864,298,380000,1164,4.422,연예인,F,청년,N,Y
200,유영광,세계 군악 대회에서 한국 성악가의 위력을 보여준 유영광 자기님!#,83,366136,4060,208,172,380000,1164,4.422,예술인,M,청년,Y,N
201,김명중,폴 매카트니도 감동받은 한국 팬들의 K- 떼창문화♥ (aka 떼창의 민족)#,83,18982,237,11,117,380000,1164,4.422,예술인,M,청년,N,N
202,신진서,차세대 바둑 주역들에게 듣는 라이벌 '인공지능'에 대한 속마음#,83,16754,170,17,165,380000,1164,4.422,기타,M,어린이,Y,Y
203,야옹이,유퀴즈에 놀러와 자기들을 뒤집어놓은 월클? 웹툰 작가님 모음! 야옹이 &조석 #여신강림 #마음의소리 #highlight #유퀴즈온더블럭,83,2377729,18288,3002,1013,380000,1164,4.422,예술인,F,청년,Y,Y
204,김은희,[급공개] 급하게 만들어본 선선공개(?) 장르물의 대가 김은희 작가님과 큰 자기의 꿀잼 남매케미☆#,84,812279,9915,564,288,400000,1157,5.033,예술인,F,중년,N,Y
205,주지훈,[선공개] 주지훈 자기님과의 월클 토크☆ 정우성 자기님과의 술자리 비하인드 공개!?#,84,618670,7655,679,317,400000,1157,5.033,연예인,M,청년,Y,Y
206,주지훈,선과 악이 공존하는 매력적인 얼굴+연기력의 배우 주지훈X박정민#highlight#,109,92409,1105,88,1032,567250,982,5.033,연예인,M,청년,Y,Y
207,안태양,//울컥// 사업 성공 이전... 동생과 힘든 시간을 보냈던 안태양 자기님...#,84,31373,449,32,357,400000,1157,5.033,산업,F,청년,N,N
208,이진숙,프로파일러 이진숙 경위님이 이춘재와의 면담 중 들은 잊히지 않는 말#,85,979927,4849,1032,189,440000,1147,5.12,사회복지,F,중년,Y,N
209,권일용,국내 1호 프로파일러 권일용 자기님이 정남규를 잊을 수 없는 이유#,85,624038,4464,494,364,440000,1147,5.12,전문기술,M,중년,Y,Y
210,이수정,[선공개] 최초 공개! '그것이 알고싶다'의 근엄(?)한 이수정 교수님의 개인기?#,85,55335,1061,161,293,440000,1147,5.12,사회복지,F,중년,N,Y
211,황민구,[선공개] 보이지 않는 진실을 찾아낸다! '법영상 전문가' 황민구 소장님 (feat. 조셉 굿즈)#,85,38863,504,47,291,440000,1147,5.12,전문기술,M,중년,Y,N
212,정인성,회사에서 스티브 잡스 연설 듣고 바로 퇴사를 결정?! 정인성 자기님 정통파 인정!#,86,99504,751,51,223,460000,1140,3.982,서비스,M,청년,Y,N
213,노희원,꽉 막힌 퇴근길 차 안에서 들었던 그 목소리☆ 교통 리포터 노희원 자기님의 등장#,86,23481,293,16,171,460000,1140,3.982,서비스,F,중년,Y,N
214,금동건,[선공개] 마음이 밝아지는 유쾌함♬ 시 쓰는 환경미화원 금동건 자기님#,86,21483,471,49,394,460000,1140,3.982,예술인,M,중년,Y,N
215,박현준,유퀴즈 레전드 자기님과 다시 만났습니다! 헤비토커 박현준 자기님의 하루 일과는?,86,8755,122,9,165,460000,1140,3.982,기타,M,청년,Y,N
216,허필용,//울컥// 2020년 직장을 떠나고 아내도 떠나보내야 했던 남편이자 아버지의 가슴 아픈 후회#,87,960658,9127,771,331,480000,1133,4.609,전문기술,M,노년,N,N
217,강상희,[선공개] 수능이 끝나야 감금도 끝난다☆ 수능 출제위원들의 슬픈(?) 비하인드 스토리#,87,208884,2023,180,294,480000,1133,4.609,사회복지,M,중년,N,N
218,류승연,입사 1년 만에 막힌 하늘길... 새로운 비행을 꿈꾸는 전 승무원 류승연 자기님#,87,206094,1146,317,199,480000,1133,4.609,기타,F,청년,Y,N
219,송재익,"선수들이 즐겨 먹는 음식, 학력, 근황까지?! 이것이 TMI 중계! ""이게 왜요?"" (꿋꿋)#",87,59093,395,46,160,480000,1133,4.609,서비스,M,중년,N,Y
220,신재문,[선공개] 육전육승(?) 의대 6곳 합격의 주인공☆ 공부 꿀팁 대방출 (feat. ,88,504402,3260,2461,324,480000,1133,4.492,기타,M,청년,N,N
221,주미자,(뭉클) 어린 나이부터 쉬지 않고 일해온 주미자 작가님의 손을 보고 울컥한 큰 자기ㅠㅜ#,88,342666,4091,530,412,480000,1133,4.492,예술인,F,중년,Y,N
222,이유자,(뭉클) 어린 나이부터 쉬지 않고 일해온 주미자 작가님의 손을 보고 울컥한 큰 자기ㅠㅜ#,88,342666,4091,530,412,480000,1133,4.492,예술인,F,중년,Y,N
223,원태연,"[#하이라이트#] 애프터스쿨 ""샴푸"" 작사를 원태연 시인이?! 감성 충전하는 가사의 세계..♥#",88,265748,2467,213,906,480000,1133,4.492,예술인,M,청년,Y,Y
224,신우석,[#하이라이트#] 아기자기와 동갑 친구 케미 뽐내는 광고계의 봉준호(?) 등장ㅋㅋ 신우석 감독님 모음#,88,90786,963,82,661,480000,1133,4.492,예술인,M,청년,N,N
225,이승재,오늘의 집' 대표님은 신혼집 꾸미면서 안 싸우나요? (feat. 큰 자기의 로또 토크ㅋㅋㅋ)#,88,38434,438,20,101,480000,1133,4.492,서비스,M,청년,N,N
226,박상민,[#하이라이트#] 유재석이 정의하는 '30세'란? 아무렇지 않은 척하려 그러는데 아무렇...(더 보기)#,45,1437403,10422,1091,1036,500000,1127,2.5,산업,M,청년,Y,N
227,김춘식,[#하이라이트#] 큰 자기도 눈치 보는 저세상 토크 레전드 모음ㅋㅋ 통장 자기님부터 술박사 할아버지 부부까지#,44,160897,1210,68,925,502491,1122,3.2,서비스,M,중년,N,N
228,주려진,[#하이라이트#] 큰 자기도 눈치 보는 저세상 토크 레전드 모음ㅋㅋ 통장 자기님부터 술박사 할아버지 부부까지#,44,160897,1210,68,925,502491,1122,3.2,서비스,F,중년,N,N
229,정세랑,[선공개] 정유미X남주혁 {보건교사 안은영}의 정세랑 작가님☆ 그녀는 지독한(?) 탐조인?!#,89,87696,1721,126,353,502491,1122,4.671,예술인,F,중년,Y,Y
230,배두나,자기애 뿜뿜 원탑☆ 배두나 자기님이 말하는 '킹덤'이 잘 될 수밖에 없는 이유#,89,27885,340,23,268,502491,1122,4.671,연예인,F,청년,N,Y
231,이욱정,냉면은 원래 여름에 먹는 음식이 아니다? 음식 상식 전문가 이욱정 자기님이 말하는 '냉면'#,89,15507,168,11,154,502491,1122,4.671,서비스,M,중년,Y,Y
232,권범,[#하이라이트#] 얘들아 너네 썸타니..? 큰 자기 광대 승천♥ 레전드 초딩 트리오 모음!#,46,1399905,11483,385,1201,502491,1122,2.5,기타,M,어린이,N,N
233,윤석영,[#하이라이트#] 얘들아 너네 썸타니..? 큰 자기 광대 승천♥ 레전드 초딩 트리오 모음!#,46,1399905,11483,385,1201,502491,1122,2.5,기타,M,어린이,N,N
234,현정호,[#하이라이트#] 얘들아 너네 썸타니..? 큰 자기 광대 승천♥ 레전드 초딩 트리오 모음!#,46,1399905,11483,385,1201,502491,1122,2.5,기타,M,어린이,Y,N
235,무릎,[선공개] 철권 세계 랭킹 1위 무릎 자기님☆ 없던 기술도 만들어내는 천상계 랭커의 상금은?#,90,340016,3125,942,314,504981,1115,4.357,예술인,M,청년,N,N
236,김진호,[#하이라이트#] '소 특집'에 꼭 불러야 하는 게스트! 소몰이 창법의 神 김진호 자기님과의 토크 모음#,90,204617,2494,287,797,504981,1115,4.357,연예인,M,청년,Y,Y
237,이정화,서예가 이정화 자기님과 '이날치 밴드' 신유진 자기님의 친분? '찐친' 맞는 거 같네요...^^#,90,118484,954,34,192,504981,1115,4.357,예술인,F,중년,Y,N
238,이한경,반려동물과는 달라요... '대동물' 치료를 하는 이한경 수의사님의 고민?#,90,26911,347,27,232,504981,1115,4.357,전문기술,M,중년,Y,N
239,김민수,05학번 기억 소환 ☞ '동대문 감성' 온도&습도까지 전달되는 김해준 자기님의 연기!#,90,19567,237,17,212,504981,1115,4.357,연예인,M,청년,Y,Y
240,김해준,05학번 기억 소환 ☞ '동대문 감성' 온도&습도까지 전달되는 김해준 자기님의 연기!#,90,19567,237,17,212,504981,1115,4.357,연예인,M,청년,Y,Y
241,김영선,감정을 전달하는 김영선 배우님... 눈만 봤는데 흘러내리는 조셉의 눈물ㅠㅠ#,91,2982082,32649,3215,351,509963,1105,4.3,연예인,F,청년,Y,N
242,이종열,모두를 놀라게 한 실력... 유퀴즈 오디오 감독의 미니 연주회 (feat.이종열 조율사님),91,799144,6579,472,197,509963,1105,4.3,예술인,M,노년,Y,N
243,김태영,"큰 자기와 구면인 김태영 자기님? ""광고 찍은 그 장소... 제가^^ 찾아냈습니다!""#",91,21569,230,9,156,509963,1105,4.3,연예인,M,중년,N,N
244,안다훈,꿈에 대한 좌절보다 주변의 편견이 더 상처가 되었던 '불펜 포수' 안다훈 자기님#,91,14488,198,19,182,509963,1105,4.3,기타,M,청년,N,N
245,김선웅,큰 자기 헛웃음 나오게 만드는 잘생긴 무술감독 자기님 & 조셉의 투샷...ㅋㅋ#,91,8729,80,11,234,509963,1105,4.3,예술인,M,중년,Y,N
246,김유진,[#하이라이트#] 미라클 모닝 시작하실 분? 새벽을 여는 부지런함! 김유진 변호사+마켓컬리 김슬아대표#,86,554955,5836,323,1501,512454,1101,3.982,서비스,F,청년,N,N
247,강문종,[#하이라이트#] 조선시대 최고 연봉 직업은? ,89,516450,3207,127,1026,512454,1101,4.671,사회복지,M,중년,N,N
248,김민지,"[선공개] 랍스터, 대게 그리고 캐비어?! 학생들을 생각하는 마음이 모여 실현된 전설의 급식☆#",92,354366,3299,448,352,512454,1101,4.731,전문기술,F,청년,N,N
249,정미순,"실제 조향사님이 요청받은 의뢰 ""첫사랑의 향을 향수로 만들어 주세요...""?!#",92,201821,2486,136,97,512454,1101,4.731,전문기술,F,중년,Y,N
250,강승구,경찰에 전화해서 짜장면을? 위기의 순간을 직감한 경찰 썰의 실제 주인공...!#,92,7689,172,11,173,512454,1101,4.731,사회복지,M,청년,Y,N
251,윤문현,[#하이라이트#] 쩝쩝박사님들 사랑합니다..? 만수르도 선택한 K-푸드 아몬드+비오는 날 막걸리 매출 (!!)#,61,502165,2477,361,1510,514944,1096,2.52,서비스,M,중년,Y,N
252,지진희,전설의 우정여행 사진'에 대해 지진희 자기님이 직접 밝히는 비하인드 이야기#,93,456441,3691,196,137,514944,1096,4.88,연예인,M,중년,Y,Y
253,곽재식,괴물을 찾는 작가? 곽재식 자기님께 듣는 전통 괴물 '저승사자' 이야기#,93,432342,3671,248,235,514944,1096,4.88,전문기술,M,청년,N,Y
254,권오길,잊을 수 없는 손님'...그때를 회상하며 다시금 눈물을 보이시는 권오길 기사님ㅠㅜ#,93,187766,2048,143,155,514944,1096,4.88,서비스,M,청년,Y,N
255,양승찬,이과생에게 물었다! Q.눈이 녹으면 어떻게 될까요?#,93,56306,401,47,155,514944,1096,4.88,산업,M,청년,N,N
256,남형주,제가 전생에 코브라였던가요? 리코더와 바순으로 느껴보는 귀 호강?? #highlight#,93,3673608,28953,2382,1187,519926,1087,4.88,기타,M,청년,N,N
257,윤재원,보이지 않는 곳에서 안전한 공항을 만드는 사람들! 폭발물 처리반+관제사 #highlight#,94,906845,9181,546,985,519926,1087,4.762,전문기술,M,청년,Y,N
258,윤재원,[#하이라이트#] 유퀴즈 출연 때문에 일주일 동안 못 잔 라면스프 개발 팀장님#,95,711418,4864,453,647,524907,1078,4.762,전문기술,M,청년,Y,N
259,최현욱,[팩트체크] 미사일에 맞아도 무너지지 않는다는 국가기록원 벽의 진실...#,94,287957,2307,141,180,519926,1087,4.762,전문기술,M,청년,Y,N
260,허린,구성원 대부분이 특수부대출신! 폭발물 처리반 윤재원 반장님은 707대대 출신?!ㄷㄷ#,94,163835,694,121,159,519926,1087,4.762,전문기술,M,청년,Y,N
261,박찬암,국제해킹방어 대회 우승! 화이트 해커 박찬암 자기님이 말하는 해커에 대한 오해!#,94,25733,227,9,209,519926,1087,4.762,전문기술,M,청년,Y,Y
262,강수진,[#하이라이트#] 디카프리오와 보라돌이 성우가 같다고? 만화 찢고 나온 천의 목소리?? 강수진&김보민 성우#,92,531058,7064,572,1313,524907,1078,4.731,예술인,F,중년,Y,Y
263,김하경,[선공개] 3평 가게에서 820개 점포로☆ 달달하고 든든한 이삭토스트 소스 개발 스토리?!#,95,398278,3209,590,319,524907,1078,4.701,서비스,F,중년,Y,N
264,황순원,감자 토크의 늪... 감자 연구소 연구원님한테 '대홍단 왕감자' 물어보는 조셉ㅋㅋ#,95,9152,65,4,224,524907,1078,4.701,산업,M,청년,N,N
265,김재훈,80년대 회장님 자서전 같은(?) 김재훈 자기님의 K-농산물 수출 스토리#,95,8332,63,13,157,524907,1078,4.701,산업,M,중년,Y,N
266,맹성렬,UFO 전문가 맹성렬 교수님께 듣는 '로스웰 비행물체 추락 사건' 이야기#,96,516917,2411,835,275,527398,1073,3.793,전문기술,M,중년,N,N
267,정우덕,[#하이라이트#]시대를 앞서나간 발명가 자기님과 조곤조곤 할 말 다 하는 아내분..#,96,95471,831,128,629,527398,1073,3.793,전문기술,M,중년,Y,Y
268,이호림,이것이 2008년의 UCC 감성.! '야자 시간 립싱크'의 주인공 자기님들 등장☆#,96,28421,235,20,190,527398,1073,3.793,예술인,M,중년,Y,N
269,김경준,이것이 2008년의 UCC 감성.! '야자 시간 립싱크'의 주인공 자기님들 등장☆#,96,28421,235,20,190,527398,1073,3.793,예술인,M,중년,Y,N
270,최상식,{전설의 고향}의 아버지! 최상식 PD님이 K-저승사자 이미지를 만들게 된 계기#,96,7790,65,5,177,527398,1073,3.793,예술인,M,중년,N,N
271,진기주,[선공개] '집 나간 3☆의 딸'에서 배우로? 미스터리한(?) 이직 끝판왕 진기주 자기님☆#,97,165468,1496,126,303,529889,1066,4.909,기타,F,청년,N,Y
272,권오철,[#하이라이트#] 회사 탈출하고 별 보러떠난 권오철 자기님의 직장인 공감 유발 토크#,97,141145,1740,79,682,529889,1066,4.909,기타,M,청년,N,N
273,박미경,[선공개] 지구 정복 대신 한의사로?! 극단적 이직러 메두사 출신(?) 박미경 자기님☆#,97,61739,525,80,272,529889,1066,4.909,전문기술,F,중년,N,N
274,김인현,늦은 나이에 법학 대학원 입학을 준비한 김인현 자기님의 노력!#,97,15988,213,4,160,529889,1066,4.909,전문기술,M,중년,N,Y
275,김진호2,항공사 직원들의 여행 티켓 베네핏? 그러나 낙오 가능(!)#,97,12541,105,1,234,529889,1066,4.909,전문기술,M,중년,Y,Y
276,브레이브걸스,[선공개] 브하~ 차트 올킬에 음악 방송 1위까지! 역주행 신드롬 브레이브걸스 자기님들☆#,98,1548501,23292,2435,305,532380,1059,5.302,연예인,F,청년,Y,Y
277,김영미,[#하이라이트#] 진짜 끝까지 가시는 분들..ㄷㄷ 조폭 잡는 경찰-분쟁 지역 최전선 담당 PD 자기님 YOU QUIZ ON THE BLOCK EP.98 | tvN 210317 방송,98,429650,4039,176,1239,532380,1059,5.302,서비스,F,청년,Y,N
278,전재홍,잔소리하기 힘들어서(?) 영어 회의 → 한국어 회의로 바꾼 인터폴 계장님?#,98,323371,2111,93,220,532380,1059,5.302,사회복지,M,청년,N,N
279,성귀수,뤼팽 시리즈에 빠져 겨울 → 봄까지 작업실 안에만 있었던 번역가님의 놀라운 집중력#,98,124127,1047,60,233,532380,1059,5.302,전문기술,M,청년,N,Y
280,정희석,[#하이라이트#] 끝까지 가서 잡는다?? 형사 자기님들의 사건&잠복썰??#,98,69640,672,35,811,532380,1059,5.302,사회복지,M,청년,N,N
281,BTS,[#하이라이트#]드디어 만남 성사! 진짜 BTS와 BTS 여고생의 만남! 살아계세요?#,99,32093523,1137001,31668,797,534870,1052,6.74,연예인,M,청년,Y,Y
282,아이유,[선공개] 아이유님도 찐자기였어...☆ 믿고 보는 ,100,1742869,29262,2203,301,544833,1044,5.773,연예인,F,청년,N,Y
283,이선,이선 성우님이 연구한 '뽀로로가 걷고 뛸 때 나는 소리'! 성우 자기님들 모음 #highlight#,100,3015674,39980,2563,1036,544833,1044,5.773,예술인,F,청년,Y,Y
284,김유빈,?체스 경기 후 ㅇㅇ을 거절하면 심판이 실격시킬 수 있다? 체스&바둑 특집! #highlight#,100,337627,2560,286,835,544833,1044,5.773,운동선수,F,청년,Y,N
285,이종화,?국내 1호 특집? 위기 협상 전문가와 프로파일러가 가장 기억에 남는 사건? #highlight#,100,298434,2785,115,1029,544833,1044,5.773,사회복지,M,중년,N,N
286,김범석,의사들도 피하는 과? 종양내과-흉부외과 의사 선생님들 이야기#highlight#,101,1129522,10299,994,1331,547324,1038,4.58,전문기술,M,중년,Y,N
287,이철희,101화 레전드! '시간의 마술사들 특집' 자기님들의 킬링포인트 모음☆#,101,50791,452,20,1199,547324,1038,4.58,사회복지,M,노년,Y,N
288,김갑연,"어릴 적의 추억을 치료하고, 추억을 만들어준 자기님들★ 인형병원 원장&성우편 #highlight#",101,17784,377,24,803,547324,1038,4.58,사회복지,F,노년,N,N
289,한민홍,놀라운 90년대 자율주행 클라쓰...! 30년 전 대표님의 모습#,101,3664,59,10,224,547324,1038,4.58,전문기술,M,노년,N,N
290,니키리,$돈 제가 벌면 돼요$ 멋짐 폭발 사랑꾼 니키리-김은희 자기님#highlight#,102,1670105,15049,994,1188,549815,1031,4.478,예술인,F,중년,N,N
291,이동진,[선공개] 영화 평론계의 아이돌☆ 이동진 자기님의 퇴사 사유는... 큰 자기의 사인?#,102,109395,1873,144,331,549815,1031,4.478,예술인,M,중년,Y,Y
292,박대성,??코로나 종식을 위해 힘쓰는 자기님들★ 박대성 주무관&정대례 간호사 자기님 #highlight#,102,85081,1048,95,1023,549815,1031,4.478,사회복지,M,중년,N,N
293,나태주,초등학교 선생님하면 이래요...ㅎㅎ 해맑은 선생님 자기님들 모음#,102,29476,353,18,726,549815,1031,4.478,예술인,M,노년,Y,Y
294,이문수,아들이 사제가 되는 것을 계속 반대하셨던 어머니께 전하지 못한 말#,103,167029,2276,93,250,552306,1024,4.523,사회복지,M,중년,Y,N
295,신계숙,[선공개] 하고 싶은 일? 오늘 당장 한다! 멋짐 에너지 뿜뿜☆ 신계숙 교수님#,103,57116,951,67,297,552306,1024,4.523,사회복지,F,중년,Y,N
296,핲기,"능력치 무엇..???직업이  3개, 삼중생활?! 심지어 직업 4개?! #highlight#",103,53094,412,35,1087,552306,1024,4.523,예술인,M,중년,Y,N
297,조명신,103화 레전드! '은밀한 이중생활 특집' 자기님들의 킬링포인트 모음☆#,103,33285,328,15,1138,552306,1024,4.523,예술인,M,중년,N,N
298,서아람,//아찔// 지금 남편분 앞에서 과거 소개팅 망한 썰 푸는 검사님...#,104,383021,1877,117,157,552306,1024,4.521,사회복지,F,중년,N,N
299,김동현,"대단하다 대단해,, 판사 자기님들의 공부?? 썰 #highlight#",104,66473,1078,53,628,552306,1024,4.521,운동선수,M,중년,N,Y
300,윤병임,현직 속기사님의 아들이 엄마와의 채무 관계(?)에서 잊지 않는 것...#,104,7084,184,3,198,552306,1024,4.521,전문기술,F,중년,Y,N
301,데이비드린튼,[선공개] 126년째 한국과 인연을 이어온 가문! 한국으로 귀화한 변호사 데이비드 린튼 자기님☆#,104,618966,7145,689,303,554796,1017,4.521,전문기술,M,청년,N,N
302,남창희,동생들 놀릴 때 제일 신남 ^_^ 큰 자기x남창희 자기님의 케미.zip #highlight#,105,1780760,16819,1299,1143,557287,1010,5.831,연예인,M,중년,N,Y
303,지석진,방탄소년단 진을,105,136358,2401,111,692,557287,1010,5.831,연예인,M,중년,N,Y
304,김영희pd,폐지 위기에 처한 '무한도전'을 살린 사람이... 김영희 피디님…?#,105,4475,104,12,149,557287,1010,5.831,연예인,F,중년,N,Y
305,여준영,"인생은 '10년차', 토크 실력은 인생 '10회차' 준영 어린이??ㅋㅋㅋ #highlight#",106,114532,1589,149,856,559778,1002,4.115,기타,F,어린이,Y,N
306,김연진,//통쾌// 자기님들의 분노 유발 사연에 공감+사이다 발언 날리는 재석 #highlight#,106,74365,1054,120,936,559778,1002,4.115,사회복지,M,중년,N,N
307,이광형,학교생활도 남다른(?) 카이스트 총장자기님과 학생자기님들!  #highlight#,106,33516,508,39,1025,559778,1002,4.115,사회복지,M,노년,Y,N
308,이상배,내 동년배들 다 B 마블로 인생 배웠ㄷr...B 마불 아빠 이상배 자기님 토크#,106,12453,198,18,766,559778,1002,4.115,서비스,M,노년,N,N
309,박준,글로 사람들 울고 웃게 만드는 시인들 박준-나태주 모음 #highlight#,107,101330,1390,88,1272,562269,996,5.875,예술인,M,청년,N,Y
310,박상수,글로 사람들 울고 웃게 만드는 시인들 박준-나태주 모음 #highlight#,107,101330,1390,88,1272,562269,996,5.875,서비스,M,노년,N,N
311,이준수,너무 해맑아서 큰 자기 빵 터지게 만들어버린 중학생자기님들 모음ㅋㅋㅋ#highlight#,107,21741,414,34,802,562269,996,5.875,기타,M,어린이,Y,Y
312,홍진경,공부말고 공부 준비 콘텐츠로 대박?! 빵터지는 홍진경x라엘 모녀#highlight#,107,15087,255,18,741,562269,996,5.875,연예인,F,중년,N,Y
313,김라엘,공부말고 공부 준비 콘텐츠로 대박?! 빵터지는 홍진경x라엘 모녀#highlight#,107,15087,255,18,741,562269,996,5.875,기타,F,어린이,N,N
314,이기진,이기진 교수님이 중국 대기업 백지 수표 제안을 거절한 이유!#,107,3762,104,5,161,562269,996,5.875,사회복지,M,중년,Y,Y
315,조수미,세계에서 빛나는 K-성악가 클라스★조수미+유영광 자기님 모음 #highlight#,108,371672,4231,243,941,564759,989,4.657,예술인,F,중년,Y,Y
316,송주석,108화 레전드! '드림하이 특집' 자기님들의 킬링포인트 모음☆#,108,12208,151,6,1081,564759,989,4.657,전문기술,M,중년,Y,N
317,선용원,"멀고도 먼 출근길...해발 1,653m 지리산 장터목 대피소로 출근하는 자기님#",108,8881,131,9,263,564759,989,4.657,사회복지,M,중년,Y,N
318,이종학,??EV랜드 괴담.. 들어봤나요? ,64,45456,456,49,563,564759,989,3.241,전문기술,M,중년,Y,N
319,윤여순,멋진 어머니가 키워낸 멋진 두 딸! 기업가 윤여순&윤여정#highlight#,109,68941,977,40,898,567250,982,4.633,서비스,F,노년,Y,N
320,김영달,플랭크를 밥먹듯이? 86세??운동만렙 할아버지..!운동을 사랑하는 자기님들#highlight#,109,57568,789,48,907,567250,982,4.633,사회복지,M,노년,Y,N
321,신승건,"??드라마보다 더 드라마같은 의사 신승건 자기님의 이야기,, 슬기로운 자기님들#highlight#",109,37296,677,38,898,567250,982,4.633,전문기술,M,중년,Y,N
322,김가람,//유쾌// 영어로 물어봤는데 유창한 한국어로 대답하는 자기님의 남편분^^?#,110,600514,5066,96,111,569741,975,3.964,예술인,F,청년,Y,N
323,윤성원,아이들의 시선에서 세상을 바라보는 천재 영상감독 윤성원 자기님#highlight#,110,49583,745,39,815,569741,975,3.964,예술인,M,청년,Y,N
324,김세훈,"큰 자기 서울예대 재학 시절, 괴담이 돌았다..?졸업 절대 불가했던 유재석의 캠퍼스 라이프 #highlight#",110,20231,286,17,911,569741,975,3.964,예술인,M,청년,Y,N
325,이종필,157만 관객이 본 '삼진그룹 영어토익반' 감독님의 반전 인생사#highlight#,110,13944,213,20,481,569741,975,3.964,예술인,M,청년,N,Y
326,토마스타반아콧,"""저 의사 됐어요???????"" 이태석 신부님 제자 토마스 자기님#highlight#",111,71236,1548,80,757,572231,968,4.408,전문기술,M,청년,Y,N
327,노기화,온기 우체부 노기화 자기님이 더 마음을 담아 답장했던 온기님의 편지#,111,14591,309,15,256,572231,968,4.408,사회복지,F,중년,Y,N
328,이예준,미팅 나가는 광대의 숙명..??토크 내내 큰 자기 웃기는 이예준 자기님ㅋㅋㅋ #highlight#,111,9153,190,13,834,572231,968,4.408,기타,M,청년,N,N
329,이하얀,(머쓱타드) 조셉의 멘트 때문에 눈물 쏙 들어간 큰 자기&자기님?ㅋㅋㅋ#,111,2411,55,7,187,572231,968,4.408,서비스,F,중년,Y,N
330,고건우,전날 백신 맞고 온 조셉! 오늘 컨디션 괜찮은 거 맞아요?#,112,108397,876,37,170,574722,961,4.398,기타,M,어린이,N,N
331,황인,??낮술텐션주의??친화력 갑 취업의 神이,112,12524,168,15,684,574722,961,4.398,서비스,M,청년,N,N
332,신하균,Lv.999 방패??하균神과 무딘 창??큰 자기&조셉의 대결?#highlight#,112,11825,253,9,915,574722,961,4.398,연예인,M,중년,N,Y
333,백승권,"경위서 잘 쓰는 법의 핵심? 先 사과+後 내용, 재발 방지 약속 ★필수★#",112,7710,78,5,138,574722,961,4.398,사회복지,M,청년,Y,N
334,빅마마,※귀 녹음 주의※ 소름 돋는 라이브 인증하고 간 빅마마 자기님들#highlight#,113,1715354,19425,2395,883,577213,951,5.022,연예인,F,중년,N,Y
335,이상순,"도경완vs이상순, 대한민국에서 가장 결혼 잘한 자기님 1위는? #highlight#",113,623276,6258,330,823,577213,951,5.022,연예인,M,중년,Y,Y
336,신정호,"[선공개] 무한도전 ""사랑아 보영해""의 신정호 자기님☆ ",113,75056,1040,98,227,577213,951,5.022,사회복지,M,중년,Y,N
337,배정원,진행 좀 하자 자기야!?? 배정원 교수님과 연애상담에 빠진 아기자기??#highlight#,114,485900,4740,238,895,579704,943,4.631,사회복지,F,중년,Y,N
338,신종호,과거 재생! 안 봐도 그려지는 재석&세호의 학창 시절?? #highlight#,114,258489,2472,66,709,579704,943,4.631,사회복지,M,노년,N,N
339,이호,"그것이 알고싶다' 자문 교수, 이호 자기님의 부검으로 밝혀낸 사건들 #highlight#",114,138067,1845,54,749,579704,943,4.631,사회복지,M,중년,Y,N
340,박새롬,두 마리 토끼 다 잡은 ?? 박새롬 자기님이 들려주는 인공지능 이야기!!#highlight#,114,13435,161,18,448,579704,943,4.631,연예인,F,청년,N,N
341,김은주,김은주 자기님을 통해 보는 궁금했던 구글 세계의 모든 것??#highlight#,115,606822,9759,417,933,582194,936,4.558,전문기술,F,중년,N,N
342,강형원,?퓰리처 상을 2번이나? 받은 백악관 픽 사진작가 c 자기님! #highlight#,115,71724,997,66,881,582194,936,4.558,예술인,M,중년,Y,N
343,한재민,실력 확인하러 참가했다가 최연소로 우승??해버린 한재민 자기님?!?? #highlight#,115,34178,493,44,930,582194,936,4.558,예술인,M,청년,Y,N
344,송미라,세상을 태권도로 들썩이게 만든 송미라 & 이찬민 자기님?#highlight#,115,17754,251,11,786,582194,936,4.558,운동선수,F,청년,N,N
345,이찬민,세상을 태권도로 들썩이게 만든 송미라 & 이찬민 자기님?#highlight#,115,17754,251,11,786,582194,936,4.558,운동선수,M,청년,N,N
346,김성언,빵빵 터지는 김치 연구 14년 차! 천의 얼굴 김성언 자기님??#highlight#,116,141026,1096,59,786,584685,929,4.988,전문기술,M,중년,N,N
347,김무년,"자취생 필수 아이템, 즉석식품?? 책임지는 최소망&김무년 자기님#highlight#",116,78990,467,25,566,584685,929,4.988,전문기술,M,중년,N,N
348,최소망,"자취생 필수 아이템, 즉석식품?? 책임지는 최소망&김무년 자기님#highlight#",116,78990,467,25,566,584685,929,4.988,전문기술,F,청년,N,N
349,박세영,박세영 자기님이 얘기하는 직원만 아는 참치 레시피부터 자기님들의 레시피까지!!#,116,21526,235,11,205,584685,929,4.988,서비스,M,중년,N,N
350,서동순,꼰대가 된 동순 자기님? 꼰대들 모두 모여라~ 꼰대들을 위한 ★꼰서트★#,116,15409,166,12,216,584685,929,4.988,전문기술,F,중년,Y,N
351,조승우,※16년 만에 예능※ 드디어 떴다?믿고 보는 42개월 조승우??#highlight#,117,3019519,32135,1761,999,587176,923,6.258,연예인,M,중년,N,Y
352,SG워너비,다시 듣고 싶었던 명곡..☆ SG워너비의 '우리의 얘기를 쓰겠소'♬#,117,294884,3570,223,226,587176,923,6.258,연예인,M,청년,Y,Y
353,샤론최,"섭외 1순위 샤론 최 자기님이 방송 출연을 마다한 이유 ""사라져야겠다고 생각했다""#",117,241189,2812,128,170,587176,923,6.258,서비스,F,청년,Y,N
354,신혜림,수술실 앞에서 만난 기증자 가족... 15살 딸에게 전한 엄마의 마지막 인사#,118,469927,3875,123,141,592157,909,5.362,서비스,F,청년,N,N
355,임세영,1분에 1억원?? 1초면 고객님들 마음 다 사로잡는 임세영 자기님#highlight#,118,210465,1288,82,680,592157,909,5.362,서비스,F,청년,N,N
356,고길석,현란한 말솜씨로 자기님들 눈물 쏙 빼놓는 고길석 자기님??#highlight#,118,184703,1170,51,985,592157,909,5.362,서비스,M,중년,N,N
357,문성준,118화 레전드! '1초의 승부사' 자기님들의 킬링포인트 모음☆#,118,76388,588,24,1119,592157,909,5.362,사회복지,M,청년,N,N
358,정연식,★첫 올림픽 진출★ 최선을 다해준 럭비 국가대표팀! #highlight#,119,152989,2723,259,1112,594648,902,6.711,운동선수,M,청년,Y,N
359,안창림,정신력 끝판왕?? 한국을 빛낸 유도선수 안창림 자기님??#highlight#,119,81081,1367,83,822,594648,902,6.711,운동선수,M,청년,Y,Y
360,강채영,☆양궁 9연패☆ 새 역사를 쓴 여자 양궁 선수들?? 인간美??#highlight#,119,78470,1151,45,787,594648,902,6.711,운동선수,F,청년,N,Y
361,안산,☆양궁 9연패☆ 새 역사를 쓴 여자 양궁 선수들?? 인간美??#highlight#,119,78470,1151,45,787,594648,902,6.711,운동선수,F,청년,N,Y
362,장민희,☆양궁 9연패☆ 새 역사를 쓴 여자 양궁 선수들?? 인간美??#highlight#,119,78470,1151,45,787,594648,902,6.711,운동선수,F,청년,N,Y
363,안드레진,한국 1세대 모델 김동수 씨 붕어빵 안드레진 자기님! 모른 척할 때 쓰는 말 ㅋㅋ#,119,69263,715,28,116,594648,902,6.711,운동선수,M,청년,Y,Y
364,황정민,모든 캐릭터 황정민 화! 전설의 우정 여행 마지막 주인공??#highlight#,120,1683358,13526,845,1110,597139,895,6.748,연예인,M,중년,N,Y
365,여서정,첫 출전에 메달 get★ 체조선수들에게 듣는 이야기들! #highlight#,120,420714,3809,184,1050,597139,895,6.748,운동선수,F,청년,N,Y
366,여서정,부모님이 체조선수를 반대했던 이유? 끝내 이뤄낸 여서정 자기님의 11년 전 약속#,120,19799,229,11,312,597139,895,6.748,운동선수,F,청년,N,Y
367,신재환,첫 출전에 메달 get★ 체조선수들에게 듣는 이야기들! #highlight#,120,420714,3809,184,1050,597139,895,6.748,운동선수,M,청년,N,Y
368,신재환,"영원한 우상, 양학선 선수의 모든 행동&루틴을 따라 한 신재환 자기님 ^ㅁ^#",120,18197,210,10,225,597139,895,6.748,운동선수,M,청년,N,Y
369,오진혁,세대 차이를 이겨내고 한국을 빛낸 금빛 궁사? 남자 양궁팀??#highlight#,120,187647,1920,74,1007,597139,895,6.748,운동선수,M,중년,N,Y
370,오진혁,"오진혁 자기님의 명대사 ""끝"" 애국가 나오던 중 흘러내린 눈물의 비밀 ㅋㅋ#",120,75398,971,58,278,597139,895,6.748,운동선수,M,중년,N,Y
371,오진혁,젊게 살기 위해 공부한다는 오진혁 자기님이 아는 최근 노래? 없어요ㅎㅎ (머쓱)#,120,16811,204,15,260,597139,895,6.748,운동선수,M,중년,N,Y
372,김우진,세대 차이를 이겨내고 한국을 빛낸 금빛 궁사? 남자 양궁팀??#highlight#,120,187647,1920,74,1007,597139,895,6.748,운동선수,M,청년,N,Y
373,김제덕,세대 차이를 이겨내고 한국을 빛낸 금빛 궁사? 남자 양궁팀??#highlight#,120,187647,1920,74,1007,597139,895,6.748,운동선수,M,청년,N,Y
374,소녀시대,[소녀시대 완전체] 소녀시대 완전체 in,121,1407329,16649,1287,744,599630,888,5.924,연예인,F,청년,N,Y
375,김수지,배구 입덕의 길로 빠지게 만든 4강 신화??여자 배구팀??#highlight#,121,856208,7157,446,799,599630,888,5.924,운동선수,F,청년,Y,Y
376,오지영,배구 입덕의 길로 빠지게 만든 4강 신화??여자 배구팀??#highlight#,121,856208,7157,446,799,599630,888,5.924,운동선수,F,청년,N,Y
377,양효진,배구 입덕의 길로 빠지게 만든 4강 신화??여자 배구팀??#highlight#,121,856208,7157,446,799,599630,888,5.924,운동선수,F,청년,N,Y
378,조구함,"유도판의 젠틀맨, 유도선수 조구함 선수 등판★ #highlight#",121,88847,1159,107,551,599630,888,5.924,운동선수,M,청년,Y,Y
379,박지성,"영원한 캡틴, 박지성? 그의 연대기부터 최근 근황까지! #highlight#",122,395515,3303,513,586,602120,881,5.534,운동선수,M,중년,Y,Y
380,장항준,"신이 내린 꿀 팔자?? 러블리 남편, 인생은 장항준처럼?#highlight#",122,167550,2166,106,740,602120,881,5.534,예술인,M,중년,Y,Y
381,백미경,"3등급→1등급으로 만드는 강사! 월 4,000만 원 벌던 강사가 작가가 된 계기#",122,111288,1162,58,200,602120,881,5.534,예술인,F,청년,N,Y
382,김석중,"연 끊겠다며 만나지 않았던 모녀, 돌아가신 엄마의 집에 남겨진 물건들...#",122,32881,254,19,137,602120,881,5.534,서비스,M,중년,N,N
383,최현준,"공부만 18시간, 부모님이 말릴 정도로 공부 강박증에 시달려야 했던 이유...#",123,358178,3203,208,188,604611,874,5.299,연예인,M,청년,N,Y
384,김고은,인간 수채화 김고은 자기님??귀염 뽀짝 매력 대방출??#highlight#,123,198287,2242,150,642,604611,874,5.299,연예인,F,청년,Y,Y
385,배윤슬,[도배사의 하루 일과] 곧 죽어도 '아아'파였던 배윤슬 자기님의 믹스커피 사랑♥#,123,35509,362,19,228,604611,874,5.299,전문기술,F,청년,Y,N
386,한동기,인터넷을 뜨겁게 달군 관장님??'영원한 보디빌더' 한동기 자기님#highlight#,124,353053,2598,411,756,607102,867,4.698,기타,M,노년,N,Y
387,김다현,모두가 꿈꾸는 여유로운 하루를 사는?? 파이어족 김다현 자기님!#highlight#,124,226154,2515,309,731,607102,867,4.698,기타,F,중년,Y,N
388,이소영,컬렉팅한 작품만 150점! 아트 콜렉터 이소영 자기님! #highlight#,124,102890,825,44,610,607102,867,4.698,예술인,F,청년,N,N
389,전준한,가족과 떠난 이탈리아 유학! 간절했던 공부를 한 달 만에 자퇴한 이유#,124,9882,90,5,213,607102,867,4.698,서비스,M,중년,N,N
390,한기웅,★경북의 아이돌★ 떴다 하면 레전드 찍는 인기가이 한기웅 리포터#highlight#,125,61620,1135,129,794,612083,853,4.403,예술인,M,중년,Y,N
391,다리오조셉리,"리포터, 요리사, 배우까지?! 리포터 다리오 조셉 리 자기님! #highlight#",125,39837,452,15,495,612083,853,4.403,기타,M,청년,N,N
392,이정용,열정 열정♨ 파이팅 리포터♪ 오!만보기 이정용 자기님#highlight#,125,27465,461,71,767,612083,853,4.403,예술인,M,청년,N,Y
393,옥효진,교실에서 무슨 일이?!,126,236242,3779,196,1215,614574,843,4.157,사회복지,F,중년,Y,N
394,백낙삼,무료로 14000쌍 결혼식을 올려주었다?! 신신예식장 대표 백낙삼 자기님! #highlight#,126,64901,1400,184,809,614574,843,4.157,사회복지,M,노년,Y,Y
395,최인아,나의 화두가 카피로! 최인아 자기님의 이야기 들어보실래요? #highlight#,126,47570,687,39,647,614574,843,4.157,서비스,F,중년,Y,N
396,이예진,고막 여신??전 세계 사람들을 사로잡은 이예진 자기님의 노래??#highlight#,126,47372,452,27,586,614574,843,4.157,연예인,F,청년,Y,N
397,정호연,??{오징어 게임} 배우 정호연 in,127,586903,6195,301,838,617065,838,5.248,연예인,M,중년,Y,Y
398,이슬빈,아이돌들 사이에서 소문난 맛집???! 찰떡궁합 땡깡 남매?#highlight #,127,402946,6041,209,765,617065,838,5.248,예술인,F,청년,Y,N
399,이슬빈,이슬빈 자기님의 '촬영 스킬' 전격 공개!! 아무나 못하는 카메라 무빙?! ㅇ_ㅇ#,127,4478,76,1,141,617065,838,5.248,예술인,F,청년,Y,N
400,이강빈,아이돌들 사이에서 소문난 맛집???! 찰떡궁합 땡깡 남매?#highlight #,127,402946,6041,209,765,617065,838,5.248,예술인,M,청년,Y,N
401,김쌍식,??1년 6개월동안 학생들에게 무료로 빵을?! 빵식이 아재 김쌍식 자기님! #highlight#,127,219073,6414,504,711,617065,838,5.248,전문기술,M,중년,Y,N
402,조현권,☆경축☆ 쉬지 않고 달려온 우리의 아기자기 조셉의 20주년♥ 놀라운 특별 손님?!#,127,131326,1787,127,255,617065,838,5.248,사회복지,M,노년,Y,N
403,신승재,응~ 안 할게~ ^▽^ 얄미움 만렙 신승재 자기님 ㅋㅋ 서로가 고쳤으면 하는 점?#,128,149167,1721,41,123,619556,832,5.1,서비스,M,청년,N,N
404,루시드폴,박사+과학자+감귤 영농인+가수= 잔잔한 엉뚱 매력의 루시드 폴!#highlight#,128,36441,539,26,663,619556,832,5.1,전문기술,M,청년,N,Y
405,박혜란,자녀교육 멘토 박혜란 자기님의 자녀 교육 철학! (a.k.a 이적 엄마) #highlight#,128,28610,394,20,632,619556,832,5.1,기타,F,노년,N,N
406,스티릿우먼파이터리더,[선공개] '스우파' 추억의 댄스신고식♬ 경연의 무게를 내려놓은 그들의 춤사위☆#,129,1642462,28986,1299,305,622046,825,4.367,연예인,F,청년,N,N
407,임형규,연령대 별로 선호하는 노래? 젊은이들 취향 저격하는 Tears 장구쇼~♪#,129,42478,643,38,135,622046,825,4.367,서비스,M,중년,N,N
408,배태랑,이름값하는 베테랑 소방관??배태랑 자기님 가족들의 美친 케미ㅋㅋ#highlight#,130,191722,2836,139,727,624537,818,4.529,사회복지,M,청년,N,N
409,임신복,이름따라 운명처럼! ?????산부인과 임신복 자기님 #highlight#,130,115481,1107,42,553,624537,818,4.529,전문기술,M,중년,Y,N
410,박격포,공군에서 복무 중이신,130,57149,546,39,509,624537,818,4.529,사회복지,M,중년,N,N
411,김노동,김노동 자기님의 이름은 원래 김노동이 아니었다?! #highlight#,130,46456,577,16,555,624537,818,4.529,사회복지,M,노년,N,N
412,오세용,행복을 전하는 집배원??택배 받으러 우체국으로 찾아 오세용?!#highlight#,130,31088,550,44,637,624537,818,4.529,사회복지,M,중년,Y,N
413,여준석,중학생 때 허재가 인정! ??고교생 농구 국대 여준석 자기님! #highlight#,131,869364,6172,563,763,627028,809,5.122,운동선수,M,청년,Y,Y
414,윤계상,[선공개] 저 아저씨 가수였어? 응 엄마 최애야. 추격스릴러로 돌아온 윤계상 자기님♥#,131,218176,2294,201,292,627028,809,5.122,연예인,M,중년,Y,Y
415,우영미,패션 디자이너 우영미 자기님이 말하는 강동원과 함께 파리에 갔던 썰! #highlight#,131,198090,2093,127,876,627028,809,5.122,전문기술,M,중년,Y,Y
416,cct 이 상사,"미라클 작전 중 잊지 못할 순간, 태어나자마자 전쟁을 겪어야 했던 쌍둥이 신생아#",131,21902,302,9,161,627028,809,5.122,사회복지,M,청년,N,N
417,패트릭,유느도 많이 갔던 벨기에 전통 와플집 사장님 등판★ 패트릭 자기님!  #highlight #,132,176675,2139,109,541,629519,804,4.437,서비스,M,중년,Y,N
418,박은순,며느리도 이제는 아는(?) 마복림 할머니 원조 떡볶이집 가문!#highlight#,132,35556,262,35,834,629519,804,4.437,서비스,F,청년,N,N
419,전종렬,"가위가 잘 안 들 때, 이 방법 추천?? 대장간 사장님이 알려주는 꿀팁★ #highlight#",132,24701,248,20,670,629519,804,4.437,서비스,M,노년,N,N
420,전종렬,※메모※ 특이한 직업병! 소주 병으로 가위를 갈 수 있는 전종렬 자기님의 꿀팁은?#,132,3303,41,4,260,629519,804,4.437,서비스,M,노년,N,N
421,김선자,며느리도 이제는 아는(?) 마복림 할머니 원조 떡볶이집 가문!#highlight#,132,35556,262,35,834,629519,804,4.437,서비스,F,중년,N,N
422,전만배,"가위가 잘 안 들 때, 이 방법 추천?? 대장간 사장님이 알려주는 꿀팁★ #highlight#",132,24701,248,20,670,629519,804,4.437,서비스,M,청년,N,N
423,전만배,놀라운 단골손님들? 전만배 자기님께 연봉 18억 제의했다가 사과하게 만든 썰 ㅋㅋ#,132,5312,44,1,219,629519,804,4.437,서비스,M,청년,N,N
424,장종수,명란의 원조?! 명란 전도사 장종수님에게 듣는 진짜 명란 이야기#highlight#,132,19223,201,19,672,629519,804,4.437,서비스,M,청년,Y,N
425,민희진,소녀시대+에프엑스+엑소를 대박 터트린?콘셉트 장인 민희진 대표#highlight#,133,435881,6536,449,981,632009,797,4.432,서비스,F,청년,Y,Y
426,최우식,"토크는 기세야, 기세! 귀욤 삐약이??최우식 자기님의 꿀잼 토크#highlight#",133,400093,4371,99,810,632009,797,4.432,연예인,M,청년,Y,Y
427,김수원,자기 이름을 알아듣고 인사하는 물범 ≥ㅁ≤ 동물들만의 애정표현? ♥#,133,144459,1998,62,201,632009,797,4.432,서비스,M,청년,N,N
428,육지승,부전자전 기부 사랑♡ 어린이의 눈으로 바라보는 유느&조셉 ㅋㅋ#,133,6754,123,9,267,632009,797,4.432,기타,M,어린이,Y,N
429,악동뮤지션,[선공개] 이찬혁 자기님의 목표=위인 되기(?) 현실 남매 악뮤와의 솔직 토크??#,134,1598498,15871,968,305,634500,790,5.702,연예인,M,청년,N,Y
430,윤후,우리는 아직도 후가 좋은가봉가??돌아온 랜선 조카 윤후 자기님#highlight#,134,205608,3032,211,655,634500,790,5.702,기타,M,어린이,Y,N
431,이정후,아버지가 은퇴를 선언했던 날의 기억. 이정후 선수가 큰 자기에게 궁금했던 것!?#,134,134474,1359,153,247,634500,790,5.702,운동선수,M,청년,Y,Y
432,오지헌,오지헌 자기님과 아버지가 다시 끈끈한 사이로 돌아갈 수 있었던 계기#,134,9131,161,14,220,634500,790,5.702,연예인,M,중년,N,Y
433,오승훈,항상 그리웠던 아버지의 빈자리... 오승훈 자기님 기억에 남은 후회되는 일?#,134,4136,54,3,176,634500,790,5.702,전문기술,M,청년,Y,Y
434,오승훈,항상 그리웠던 아버지의 빈자리... 오승훈 자기님 기억에 남은 후회되는 일?#,134,4136,54,3,176,634500,790,5.83,전문기술,M,청년,Y,Y
435,오승훈,항공우주공학 전공.. 근데 변호사 자격을 가진.. 오승훈 아나운서?? #highlight#,173,1033351,10501,671,769,751565,414,5.702,전문기술,M,청년,Y,Y
436,오승훈,항공우주공학 전공.. 근데 변호사 자격을 가진.. 오승훈 아나운서?? #highlight#,173,1033351,10501,671,769,751565,414,5.83,전문기술,M,청년,Y,Y
437,구교환,[선공개] 구교환 자기님과 가까워지는 시간! 구며들 준비되셨나요?!??#,135,398780,6280,352,335,636991,786,5.314,연예인,M,청년,Y,Y
438,원주연,매운 볶음면의 창조주 원주연 자기님의 꿀 조합 레시피! 유느&조셉 폭풍 먹방♡#,135,121961,1576,67,442,636991,786,5.314,전문기술,M,청년,Y,N
439,황지연,직원 모두가 인싸?! 러S에 물건 보러 갔다가 샴푸하게 되는 과정 ㅋㅋ#,135,41525,533,21,233,636991,786,5.314,서비스,M,청년,N,N
440,이성호,"디자인 계의 BTS 이성호 자기님☆ 1분에 수억 원, 건물주 마음 사로잡는 법!#",135,9534,118,0,312,636991,786,5.314,전문기술,M,청년,Y,N
441,이동욱,[선공개] 이동욱은 크리스마스 이브를 000와 같이 보낸다!? 토크가 하고 싶어서 나온 이동욱 자기님♥#,136,516611,6563,309,280,639481,779,4.78,연예인,M,중년,Y,Y
442,유나영,인싸들은 안다는 크리스마스 명동 핫플★ 크리스마스를 위해 10개월을 쏟아 부었다?! #highlight#,136,236489,2444,134,634,639481,779,4.78,서비스,F,청년,N,N
443,유용욱,※군침폭발※ 유느와 조셉 폭풍 먹방하게 만든 유용욱 표 바베큐#highlight#,136,35171,287,17,881,639481,779,4.78,서비스,M,청년,N,N
444,임시완,그래서 우리집엔 언제 온다고? 사랑둥이에 광기가 곁들인 임시완 자기님?? #highlight#,136,536368,5139,255,1215,639481,779,4.889,연예인,M,청년,N,Y
445,임시완,그래서 우리집엔 언제 온다고? 사랑둥이에 광기가 곁들인 임시완 자기님?? #highlight#,181,536368,5139,255,1215,"769,000",358,4.889,연예인,M,청년,N,Y
446,최영형,버스 장식에만 들어간 돈이 무려 100만 원?! 지독한 딸바보 최영형 자기님 ㅋㅋ | YOU QUIZ ON THE BLOCK EP.136 | tvN 211222 방송,136,5703,122,9,234,639481,779,4.78,서비스,M,청년,Y,N
447,이정재,[선공개] 가죽바지 입고 등장한 이정재 자기님♥ 슈트가 아닌 가죽바지를 입고 나온 이유는?#,137,1963138,14709,913,371,646954,758,5.662,연예인,M,중년,Y,Y
448,임민영,조셉 덕력 폭발♪ 돈도 벌고 덕질도 하는 덕업일치 임민영 자기님#highlight#,137,41149,364,13,592,646954,758,5.662,서비스,F,청년,Y,N
449,박경재,"""명치를..!"" 충격적인 악플을 받기도 했던 게임 개발자 박경재 자기님 ㅠ.ㅠ#",137,7871,87,6,279,646954,758,5.662,전문기술,M,청년,Y,N
450,문성욱,"불편한 시선에 대한 문성욱 대표님의 생각, 외국 기업 직장인들의 고충#",137,2726,26,2,125,646954,758,5.662,서비스,M,중년,Y,N
451,전종관,[선공개] 34년 만에 태어난 다섯 쌍둥이 분만을 집도한 교수님! 다섯 쌍둥이의 탄생 스토리★#,138,208171,2685,162,325,649444,751,5.088,전문기술,M,중년,N,N
452,양창모,산간마을 슈바이처 양창모 자기님이 들려주는 진료실 밖의 이야기#highlight#,138,28842,601,56,826,649444,751,5.088,전문기술,M,중년,Y,N
453,강창무,혈액형과 성별에 따라 발생률이 다른 췌장암? 자가 진단을 할 수 있는 방법#,138,17298,183,9,131,649444,751,5.088,전문기술,M,중년,Y,N
454,김미란,"유방암 진단을 받은 김미란 자기님, 항암치료를 하면서도 놓을 수 없었던 진료#",138,14718,207,8,300,649444,751,5.088,전문기술,M,중년,Y,N
455,이말년,★세계에서 제일 킹받는 남자★ 한 번 사는 인생 이말년처럼~!#highlight#,139,1128733,9831,525,902,654426,741,4.855,예술인,M,중년,Y,Y
456,황선우,[선공개] 수영 괴물 황선우 자기님이,139,67742,1090,49,284,654426,741,4.855,운동선수,M,청년,Y,Y
457,황선우,[선공개] 수영 괴물 황선우 자기님이,139,67742,1090,49,284,654426,741,4.132,운동선수,M,청년,Y,Y
458,황선우,"아이돌 아니고 수영 국가 대표 황금즈! 양재훈, 이호준, 김우민, 황선우 자기님 #highlight#",214,212146,2096,71,1016,"863,000",120,4.855,운동선수,M,청년,Y,Y
459,황선우,"아이돌 아니고 수영 국가 대표 황금즈! 양재훈, 이호준, 김우민, 황선우 자기님 #highlight#",214,212146,2096,71,1016,"863,000",120,4.132,운동선수,M,청년,Y,Y
460,두봉,한국으로 떠난 사랑하는 아들에게 30년간 매주 편지를 보낸 아버지...#,139,9710,316,12,304,654426,741,4.855,사회복지,M,노년,Y,Y
461,임택,임택 자기님이 운전하다가 형 살 뻔한 썰ㄷㄷ 조수도 기절한 뻔한 죽음의 도로?!#,139,3515,68,4,210,654426,741,4.855,예술인,M,중년,N,N
462,김현무,"억대 연봉?! 김현무 항해사를 통해 듣는 원양어선의 모든 것?#highlight""#",140,175317,1423,74,738,656917,734,3.81,전문기술,M,중년,Y,N
463,호원숙,[선공개] 호원숙 작가님이 기억하는 어머니 박완서의 모습. 큰 자기와는 알고 보니 구면!?#,140,63305,791,30,278,656917,734,3.81,예술인,M,중년,N,N
464,박강빈,"정든 보육원을 떠나 어른이 되던 날, 간절하게 필요했던 인생 선배#",140,10100,213,17,254,656917,734,3.81,기타,M,청년,Y,N
465,조용문,☆파워 블로거☆ 조용문 자기님의 조회수 폭발하는 글 작성하는 꿀팁ㅋㅋ#,140,6293,126,4,198,656917,734,3.81,사회복지,M,노년,Y,N
466,고수,[선공개] 앞구르기 하면서 봐도 잘생긴 고수 자기님♥ 섭외 전화 20분 만에,141,828960,8262,1405,298,659407,730,3.16,연예인,M,중년,Y,Y
467,키크니,한 컷만으로 울고 웃게 만드는??일러스트레이터미네이터 키크니??#highlight#,141,174725,2219,89,843,659407,730,3.16,예술인,M,청년,N,N
468,임기종,130kg의 냉장고를 거뜬히 옮긴다?! 설악산 마지막 지게꾼 임기종 자기님 #highlight#,141,73172,2173,353,839,659407,730,3.16,사회복지,M,노년,Y,N
469,정경교,※레전드※ 상욕으로 산불을 껐다고?! 현웃 터져 폭풍 눈물 흘린 유느ㅋㅋ#,141,60937,1082,90,291,659407,730,3.16,기타,M,노년,Y,N
470,손예진,[선공개] 손예진이 드디어,142,977827,10283,812,321,661898,723,3.418,연예인,F,중년,N,Y
471,김대수,사랑이란 머리로 하는 것..★ 이말년의 A+급 침소리에 감동한 김대수 자기님#,142,520972,6449,871,305,661898,723,3.418,전문기술,M,중년,N,N
472,김도윤,"그 해 우리는' 1등X꼴찌, 웅연수 커플의 원조! 귬도윤 커플♥#highlight#",142,86695,1126,152,906,661898,723,3.418,전문기술,M,청년,N,N
473,엄규민,"그 해 우리는' 1등X꼴찌, 웅연수 커플의 원조! 귬도윤 커플♥#highlight#",142,86695,1126,152,906,661898,723,3.418,사회복지,M,청년,N,N
474,이건수,일주일에 보내는 편지만 3500통! 아이의 실종 이후 시간이 멈춰버린 부모님들..#,142,16436,202,7,233,661898,723,3.418,사회복지,M,중년,Y,N
475,김나영,"美친 소화력! 뭐든 입기만 하면 찰떡, 인간 명품 김나영 자기님#highlight#",143,203457,2051,122,826,664389,716,5.539,연예인,F,중년,N,Y
476,황석희,한국어로 욕하는 데드풀을 만들어낸(?) 번역가! 황석희 자기님 #highlight#,143,52894,961,54,708,664389,716,5.539,전문기술,M,청년,Y,Y
477,유성원,[선공개] 중국 상표 브로커들과의 전쟁! 내가 만든 상표를 10억에 사야 하는 경우도..?#,143,49505,801,105,259,664389,716,5.539,전문기술,M,청년,Y,N
478,이대양,육아 웹툰을 그리는 공학 박사 이대양 자기님! 별안간 혼난(?) 큰 자기? #highlight#,143,27728,527,34,652,664389,716,5.539,예술인,M,청년,Y,N
479,차준환,[선공개] 차준환 선수가 큰 자기&아기자기를 위해 준비한 선물? 시원한 빙수~♥#,144,274842,6287,328,275,666880,709,5.662,운동선수,M,청년,Y,Y
480,박재민,"자료조사만 506장? 외국 선수 생일까지 아는 최초의(?) 해설위원, 박재민 자기님 #highlight#",144,102310,1821,96,810,666880,709,5.662,연예인,M,청년,Y,Y
481,쇼트트랙국가대표선수단,"마, 이게 여자 쇼트트랙 대표팀이다! 올림픽 계주 3연속 메달♥ #highlight#",144,79915,1095,25,749,666880,709,5.662,운동선수,M,청년,N,N
482,정지웅,"붕어빵 지웅이, ?서울대 22학번? 되다! 랜선 이모&삼촌 감동폭발??#highlight#",145,1943074,17782,1067,795,671861,692,4.543,연예인,M,청년,Y,Y
483,이민정,[선공개] 이민정 자기님이 조세호에게 곱창을 사준 이유? MJ의 털털한 반전 매력♥#,145,585459,4404,308,305,671861,692,4.543,연예인,M,중년,N,Y
484,임재혁,알바몬 임재혁 자기님의 눈물 나는 알바썰 ㅠㅁㅠ (feat.지우학 멤버들)#,145,32397,337,11,287,671861,692,4.543,연예인,M,청년,Y,Y
485,컬링여자국가대표선수단,힘들었던 시기를 딛고 일어난? 대한민국 컬링의 자부심 팀 킴 자기님들??#highlight#,145,25700,400,21,667,671861,692,4.543,운동선수,F,청년,N,Y
486,입짧은햇님,명언이라는 것이 폭발했다?? 먹방계의 귀요미 입짧은햇님??#highlight#,146,838250,6053,275,921,674352,685,5.84,예술인,F,중년,N,Y
487,윤여정,홍보하러 나오신 거 맞습니다☆ 윤여정 자기님의 {파친코} 캐스팅 비하인드!#,146,248636,3296,140,294,674352,685,5.84,연예인,F,노년,Y,Y
488,홍진호,홍진호 ??냉동인간?? 되다? 2222년 2월 22일까지 장수해주세요?? #highlight#,146,30137,437,46,680,674352,685,5.84,예술인,M,중년,Y,Y
489,조나단,※웃음주의※ 찐남매케미 뿜뿜? K-남매의 진수 조나단&파트리샤 자기님들??#highlight#,147,870195,11385,493,1100,676843,678,5.124,연예인,M,청년,N,Y
490,파트리샤,※웃음주의※ 찐남매케미 뿜뿜? K-남매의 진수 조나단&파트리샤 자기님들??#highlight#,147,870195,11385,493,1100,676843,678,5.124,연예인,F,청년,N,N
491,구본진,필적으로 알아보는 유느와 아기자기의 성향! 글씨체를 바꾸면 성격도 바꿀 수 있다?#,147,239337,2222,71,283,676843,678,5.124,전문기술,M,중년,Y,N
492,박희순,"[선공개] ""나 50대 아이돌 좋아했네.."" 박희순 자기님의 반전매력 대공개♥#",147,226025,3753,294,334,676843,678,5.124,사회복지,M,중년,N,Y
493,한문철,[선공개] 한문철 자기님과 함께하는 블랙박스 몇대몇★ 이렇게 황당한 교통사고가 있다구요!?#,148,573329,5992,491,278,679333,671,4.81,전문기술,M,중년,Y,Y
494,김종기,"[ENG] 아들을 위해, 수많은 학생을 위해, 27년 간 학교 폭력과 싸워온 김종기 자기님 #highlight#",148,90722,1548,163,957,679333,671,4.81,사회복지,M,중년,Y,Y
495,황규호,교수계의 아이돌? 이화여대 남성 교수 중창단 자기님들??#highlight#,148,78011,1808,176,783,679333,671,4.81,사회복지,M,중년,N,N
496,이상돈,교수계의 아이돌? 이화여대 남성 교수 중창단 자기님들??#highlight#,148,78011,1808,176,783,679333,671,4.81,사회복지,M,중년,N,N
497,채기준,교수계의 아이돌? 이화여대 남성 교수 중창단 자기님들??#highlight#,148,78011,1808,176,783,679333,671,4.81,사회복지,M,중년,N,N
498,임종령,딸들은 하버드랑 버클리요..? 임종령 자기님만의 특별한(?) 교육법#,148,14967,194,4,111,679333,671,4.81,전문기술,M,청년,Y,Y
499,안병헌,강력 범죄 예방을 위한 노력은 계속된다? 무도실무관 1기 안병헌 자기님 #highlight #,149,101358,1193,106,842,681824,664,3.824,사회복지,M,중년,Y,N
500,김영태,"[선공개] 시속 260㎞으로 달리던 운전자, 황당무계 과속한 이유는?#",149,43700,443,655,287,681824,664,3.824,사회복지,M,청년,Y,N
501,라상훈,울진·삼척 산불 진화의 영웅?? 공중진화대 라상훈 팀장님?#highlight #,149,24528,449,71,888,681824,664,3.824,사회복지,M,중년,Y,N
502,김진영,믿을 수 있는 건 오직 현장 뿐! 살인 사건 해결의 열쇠 김진영 검시조사관??#highlight #,149,19526,285,19,921,681824,664,3.824,사회복지,M,중년,N,N
503,임세아,"싸이, 신화 댄서 → 디올 최초 한국인 디자이너??가 된 임세아 자기님??#highlight#",150,272168,2945,157,1015,684315,657,4.405,전문기술,F,노년,Y,N
504,이성엽,?웃음 폭발? K-직장인 공감짤 생성기 이성엽 자기님의 美친 토크??#highlight#,150,223872,2913,146,706,684315,657,4.405,서비스,M,청년,Y,N
505,이소은,"뉴요커도 하루의 마무리는 육개장으로★ '서방님'을 부르던 소녀 이소은, '변호사'가 되다 #highlight#",150,58822,720,84,904,684315,657,4.405,사회복지,F,노년,N,Y
506,박보영,[선공개] 뽀블리 일기장 최초 공개! 박보영 자기님이 죽기 전에 꼭 할 일은 일기장 태우기!?#,151,174263,2722,466,287,686806,650,3.546,연예인,F,청년,N,Y
507,정영미,역사 덕후들 모여라?? 조선 288년의 역사를 풀어내는 정영미 자기님??#highlight#,151,173538,1777,101,908,686806,650,3.546,전문기술,M,중년,N,N
508,명업식,편지 쓰다 왜 눈물이 나지..?? 편지 쓰는 택시를 운전하는??명업식 자기님#highlight#,151,15137,361,25,948,686806,650,3.546,기타,M,중년,N,N
509,김어진,세상에서 가장 귀여운 새부터 → 가장 빠른 새까지! 새덕후의 새 토크#,151,8155,282,27,265,686806,650,3.546,기타,M,청년,Y,N
510,임영웅,[선공개] 첫 단독 예능 출연한 임영웅 자기님! 예능계X가요계 양대산맥의 '웅'명적 만남♥#,152,1052584,34561,1718,258,689296,646,5.451,연예인,M,청년,N,Y
511,강형욱,전생에 강아지가 아니었을까?? 견주들의 히어로? 강형욱 자기님#highlight#,152,559498,7757,416,801,689296,646,5.451,전문기술,M,중년,Y,Y
512,정찬성,??K-좀비 열풍??은 격투기에서도 진행 중?? 코리안 좀비?? 정찬성 자기님#highlight#,152,33718,477,93,934,689296,646,5.451,운동선수,M,청년,N,Y
513,권혜정,1학년 후배들을 위한 학교생활?? 꿀팁만 모았다?? 멋진 9살 선배 자기님들??#highlight#,153,474694,10209,0,869,691787,638,3.676,학생,F,청소년,N,N
514,김도현,1학년 후배들을 위한 학교생활?? 꿀팁만 모았다?? 멋진 9살 선배 자기님들??#highlight#,153,474694,10209,0,869,691787,638,3.676,학생,M,청소년,N,N
515,김민섭,연대가?? 이뤄낸 따뜻한 기적?? '김민섭 찾기'의 두 주인공 김민섭 자기님들#highlight#,153,216573,3943,173,798,691787,638,3.676,예술인,M,청년,Y,Y
516,윤수임,1학년 후배들을 위한 학교생활?? 꿀팁만 모았다?? 멋진 9살 선배 자기님들??#highlight#,153,474694,10209,0,869,691787,638,3.676,학생,F,청소년,Y,N
517,한경록,생일에 제일 바쁜 남자 한경록 자기님과 굳건한 27년 차 밴드 크라잉넛??#highlight#,153,100057,1203,101,905,691787,638,3.676,기타,M,청년,Y,N
518,최재천,일단 떠들어 재껴요(?) 최재천 자기님이 말하는 하버드 대학생들의 모습#,153,45638,736,21,242,691787,638,3.676,사회복지,M,중년,N,Y
519,김영하,상상력과 섬세함을 모두 가졌다? 소설 쓰는 김영하 자기님??#highlight#,154,499960,7268,122,1065,694278,631,3.583,예술인,M,중년,N,Y
520,김수지2,내겐 진입장벽 따윈 없어?? ??레드벨벳?? 신곡을 작사한 아나운서 김수지 자기님#highlight#,154,256197,3195,113,875,694278,631,3.583,예술인,F,청년,Y,Y
521,마포 로르,154화 레전드! '꾼’ 특집 자기님들의 킬링포인트 모음☆#,154,9930,117,5,1070,694278,631,3.583,기타,F,청년,Y,N
522,조근식,"조근식 약사님이 라오스에 집을 짓게 된 사연, 10년 전 여행이 시작이었다#",154,2308,58,3,211,694278,631,3.583,전문기술,M,청년,Y,N
523,CL,[선공개] 씨엘 자기님과 조셉은 어떤 인연이..!? 초록색 퍼가 쏘아올린 작은 공ㅋㅋ#,155,621757,7895,423,385,696769,624,3.81,연예인,F,청년,Y,Y
524,허태균,"와플 기계로 신발 빼고 다 굽는 한국인, 이런 특성 때문에 위기에 강하다?#",155,317329,3857,242,207,696769,624,3.81,사회복지,M,중년,Y,Y
525,신순규,피아노 배우러 갔다가 하버드에 합격??? 월가 애널리스트?? 신순규 자기님#highlight#,155,198377,4011,183,1017,696769,624,3.81,전문기술,M,청년,N,N
526,박향자,칠십 인생을 담았다! 찐 스웨그?? 폭발하는 순창 할미넴 자기님들????#highlight#,155,19887,349,25,875,696769,624,3.81,기타,M,중년,N,N
527,김영자,칠십 인생을 담았다! 찐 스웨그?? 폭발하는 순창 할미넴 자기님들????#highlight#,155,19887,349,25,875,696769,624,3.81,기타,M,중년,N,N
528,김영자,"눈물 닦고 정신 차리자, 자식만큼은 잘 키우고 싶었던 꽃샘 김영자 자기님#",155,3654,35,4,166,696769,624,3.81,기타,M,중년,N,N
529,백성자,칠십 인생을 담았다! 찐 스웨그?? 폭발하는 순창 할미넴 자기님들????#highlight#,155,19887,349,25,875,696769,624,3.81,기타,M,중년,Y,N
530,강민경,[선공개] 다비치와의 밸런스 게임! 유재석&이해리??조세호&강민경 막상막하의 승부ㅋㅋ#,156,908610,8338,423,364,699259,611,4.212,연예인,F,청년,N,Y
531,이해리,[선공개] 다비치와의 밸런스 게임! 유재석&이해리??조세호&강민경 막상막하의 승부ㅋㅋ#,156,908610,8338,423,364,699259,611,4.212,연예인,F,청년,N,Y
532,아룰 제임스,한국인 패치 완료? 서로의 영원한 반쪽?? 인도 쌍둥이 신부님들 #highlight#,156,29858,515,31,681,699259,611,4.212,사회복지,M,중년,N,N
533,아룰 하비에르,한국인 패치 완료? 서로의 영원한 반쪽?? 인도 쌍둥이 신부님들 #highlight#,156,29858,515,31,681,699259,611,4.212,사회복지,M,중년,N,N
534,김선민,"간절히, 치열하게 경기한다! 동료에서 생명의 은인이 된?? 축구선수 자기님들? #highlight#",156,9677,124,8,606,699259,611,4.212,운동선수,M,중년,N,Y
535,김원식,"간절히, 치열하게 경기한다! 동료에서 생명의 은인이 된?? 축구선수 자기님들? #highlight#",156,9677,124,8,606,699259,611,4.212,운동선수,M,중년,Y,Y
536,이명희,77일간의 남미 여행! 이명희 & 조헌주 자기님들이 여행을 떠난 계기#,156,5703,55,1,172,699259,611,4.212,예술인,M,청년,N,N
537,조헌주,77일간의 남미 여행! 이명희 & 조헌주 자기님들이 여행을 떠난 계기#,156,5703,55,1,172,699259,611,4.212,예술인,F,청년,N,N
538,유지태,가치관까지 섹시하다?? 마음도 태평양처럼 넓은?? 유지태 자기님 #highlight#,157,94590,1395,78,867,701750,603,3.979,연예인,M,중년,Y,Y
539,박주영,사회적 약자를 위한 말?? 판결문으로 세상에 울림을 주는?? 박주영 판사님 #highlight#,157,92571,2306,168,1216,701750,603,3.979,전문기술,M,중년,Y,Y
540,정선근,큰 자기 VS 정선근 자기님의 플랭크 대결 ㄷㄷ 허리에 좋은 운동까지!#,157,54161,723,31,271,701750,603,3.979,사회복지,M,중년,N,N
541,임천숙,아이들의 쉼터가 된 미용실?? 임천숙 자기님의 따뜻한 마음?? #highlight#,157,27801,592,58,969,701750,603,3.979,예술인,F,청년,Y,N
542,구준엽,사랑꾼의 역사를 새로 쓰셨다? 구준엽 자기님의 러브 스토리?? #highlight#,158,85598,1648,122,899,704241,596,5.182,연예인,M,중년,Y,Y
543,루나,세입자들 공감 백배?? 전세 사기 경험을 만화로 그린 루나 자기님?? #highlight#,158,31833,472,29,941,704241,596,5.182,연예인,F,청년,N,N
544,오건영,알기 쉬운 경제 설명?? 글로벌 경제 분석 1인자 오건영 컨설턴트?? #highlight#,158,18103,263,19,788,704241,596,5.182,전문기술,M,중년,Y,N
545,곽상은,158화 레전드! '이것은 실화다' 특집 자기님들의 킬링포인트 모음☆#,158,5046,70,5,1021,704241,596,5.182,예술인,F,청년,Y,Y
546,임채원,※필수 시청※ 사기 피하는 방법?? 사기 없는 세상을 꿈꾸는 임채원 자기님? #highlight#,159,174603,3012,214,1072,706731,589,4.238,전문기술,M,중년,Y,N
547,이준호,[선공개] 우리 집 준호vs우리 집 세호! 치명적인 무대의 승자는? 오늘은 준퀴즈?#,159,167646,4954,459,243,706731,589,4.238,연예인,M,청년,N,N
548,이주영,칼각 품새로 세계를 휘어잡은?? 태권소녀 이주영 자기님?? #highlight#,159,24701,357,0,809,706731,589,4.238,운동선수,M,청소년,Y,Y
549,김성권,김성권 자기님이 '싱겁게먹기실천연구회'를 설립하신 계기? (ft. 매운맛 Q&A)#,159,5934,88,7,201,706731,589,4.238,사회복지,M,중년,N,N
550,한지민,[선공개] 배우 한지민의 예능 블루스♥ '우리들의 블루스' 촬영 비하인드 스토리!?#,160,738013,5707,347,367,709222,583,4.255,연예인,F,청년,Y,Y
551,한지민,카메라 켜지기 전부터 울었어요 ㅠㅁㅠ 한지민 자기님의 '우리들의 블루스' 비하인드#,160,6647,68,5,99,709222,583,4.255,연예인,F,청년,Y,Y
552,박항서,?2002 월드컵 신화의 주역? 베트남을 승리로 이끈 박항서 자기님? #highlight#,160,61808,739,55,1145,709222,583,4.255,예술인,M,중년,Y,Y
553,박항서,"""안정환처럼 하지 말고.."" 박항서 자기님의 2002년 월드컵 비하인드ㅋㅋ#",160,3878,61,4,310,709222,583,4.255,예술인,M,중년,Y,Y
554,송낙훈,초근접 샷!! 수많은 아이돌 레전드 직캠을 남긴?? 인기가요 카메라 감독님들?? #highlight#,160,43130,739,45,716,709222,583,4.255,예술인,M,중년,Y,N
555,송낙훈,월급 좀 올려줘요 ㅠ 무대 뒤 카메라 감독님들의 열정 (ft. 나연 & TNX)#,160,4971,91,4,162,709222,583,4.255,예술인,M,중년,Y,N
556,조진현,초근접 샷!! 수많은 아이돌 레전드 직캠을 남긴?? 인기가요 카메라 감독님들?? #highlight#,160,43130,739,45,716,709222,583,4.255,예술인,M,중년,N,N
557,조진현,월급 좀 올려줘요 ㅠ 무대 뒤 카메라 감독님들의 열정 (ft. 나연 & TNX)#,160,4971,91,4,162,709222,583,4.255,예술인,M,중년,N,N
558,박세령,오빠의 카톡 차단?!ㅋㅋㅋ 현실 K-남매의 진수 보여주는 박세령 자기님#,160,5417,45,0,166,709222,583,4.255,연예인,F,중년,N,N
559,김상욱,큰 자기 & 아기자기 맞춤형 설명?? 다정한 물리학자 김상욱 자기님?? #highlight#,161,1192158,12928,526,916,711713,575,3.511,전문기술,M,중년,N,Y
560,배철수,38년 만의 재결합 → 콘서트?? 배철수 & 구창모 자기님들의 거침없는 입담??? #highlight#,161,357046,3767,270,1096,711713,575,3.511,연예인,M,중년,N,Y
561,구창모,38년 만의 재결합 → 콘서트?? 배철수 & 구창모 자기님들의 거침없는 입담??? #highlight#,161,357046,3767,270,1096,711713,575,3.511,연예인,M,중년,Y,Y
562,박경림,예능 요정에서 영화 전문 MC로?? 충무로 요정 박경림 자기님?? #highlight#,161,274537,2710,195,740,711713,575,3.511,연예인,F,중년,Y,Y
563,노영선,의대 99학번 → 슬의생 실사판! 노영선 자기님이 생각하는 공공의료의 역할#,161,27061,326,25,277,711713,575,3.511,전문기술,F,청년,Y,N
564,김신영,대한민국 영화 거장이 '마침내' 사랑한 천재 배우??? 김신영 자기님?? #highlight#,162,223132,2910,165,1006,714204,568,3.298,연예인,F,청년,N,Y
565,고정환,"12년의 땀과 눈물이 담긴 16분의 비상, 누리호 발사의 모든 과정?? #highlight#",162,46607,696,24,1059,714204,568,3.298,전문기술,M,중년,Y,N
566,앨런 킴,(애교 폭발??) 10살 어린이 그 잡채? 천상 연예인 앨런킴 자기님 #highlight#,162,32537,464,37,689,714204,568,3.298,예술인,M,청소년,Y,N
567,이정원,집에서나 화제 됐어요 ^^ 1화 출연 이정원 자기님이 말하는 그 날의 기억ㅋㅋ#,162,6532,96,0,231,714204,568,3.298,예술인,F,청년,Y,N
568,박은빈,"27년을 연기만 팠다?? 우영우 그 잡채, 세상 무해한 박은빈 자기님 토크?? #highlight#",163,2175854,29085,1850,1119,726657,491,5.735,연예인,F,청년,Y,Y
569,김신욱,라디오에는 희로애락이 있다?? 큰 자기&아기자기 빵빵 터진 레전드 토크?? #highlight#,163,287186,2493,56,995,726657,491,5.735,예술인,F,청년,N,N
570,김한민,영화 찍다 벅차올라서 눈물까지 흘렸다?? 이순신 찐덕후 김한민 감독님?? #highlight#,163,122382,1215,42,1017,726657,491,5.735,예술인,M,중년,Y,Y
571,하준우,30초에 줄넘기 111개를요..? ㅇ0ㅇ 4살부터 줄을 넘은 떡잎부터 다른 실력!#,163,87168,1008,37,411,726657,491,5.735,학생,M,청소년,Y,N
572,문상훈,얘들아 문쌤 왔다~!????? 코미디를 향한 열정 가득 문상훈 자기님?? #highlight#,164,780357,10331,388,727,729148,484,3.993,예술인,M,청년,Y,Y
573,장원석,1000만 영화들은 내 손에서 탄생했다? 영화계의 미다스 손 장원석 대표님?? #highlight#,164,92281,716,22,906,729148,484,3.993,예술인,M,청년,Y,N
574,소지섭,[선공개] 멋짐 그 자체 소지섭 자기님★ '소간지' 별명에 대한 생각은?#,164,87217,1074,82,135,729148,484,3.993,연예인,M,청년,N,Y
575,정나래,도르트문트 합창단의 아리랑 공개★ 한국을 사랑하게 된 아이들의 인터뷰까지!#,164,13629,282,13,374,729148,484,3.993,예술인,F,청년,Y,N
576,주호민,요즘 제일 웃긴 40대 남자?? 그리고 아빠 주호민의 이야기?? #highlight#,165,2065942,19872,1953,1229,731639,477,4.096,예술인,M,중년,Y,Y
577,이혜리,3초 애교로 모두를 반하게 만들었다?? 긍정왕 파워연예인 혜리?? #highlight#,165,511441,4524,283,1111,731639,477,4.096,연예인,F,청년,N,N
578,김결,바퀴 다 잡아드립니다?? 해충 방역에 누구보다 진심인 김결 자기님? #highlight#,165,49261,419,36,746,731639,477,4.096,전문기술,M,청년,Y,N
579,김한겸,국내 최초 미라 연구가도 미라의 저주 때문에 무서운 적이 있었다?!ㅋㅋ#,165,14254,173,4,260,731639,477,4.096,전문기술,M,중년,Y,N
580,이대호,영원한 롯데의 10번?? 조선 4번 타자 이대호 자기님의 은퇴식 이야기?? #highlight#,166,734022,7196,824,763,734130,470,3.9,운동선수,M,중년,Y,Y
581,진선규,악역일 때와는 180도 다른 매력?? 진선규 자기님의 연기 인생? #highlight#,166,636143,7646,414,1020,734130,470,3.9,연예인,M,청년,Y,Y
582,최원호,주식 투자를 희극으로 만든?? S전자 한 우물 최원호 자기님?? #highlight#,166,379963,5220,400,1064,734130,470,3.9,기타,M,중년,Y,N
583,배유진,모델로 번 돈은 엄마께 드리는 효녀 ㅠㅁㅠ 인종차별로 힘들었던 모녀의 이야기#,166,125389,1433,214,338,734130,470,3.9,예술인,F,청년,Y,N
584,이서진,까칠 다정 본좌..?? 마성의 츤데레 이서진 자기님 (with 나영석 PD)? #highlight#,167,1539714,12577,531,1149,736620,456,5.37,연예인,M,청년,Y,Y
585,폴김,공부가 제일 싫었어요?? 스탠포드대 부학장이 된 만년 꼴찌 폴김 자기님?? #highlight#,167,181548,1893,139,1093,736620,456,5.37,연예인,M,청년,N,N
586,유홍준,29년간 이어온 열정?? 유홍준 교수님의 문화유산 답사기?? #highlight#,167,126852,1908,89,1076,736620,456,5.37,사회복지,M,중년,Y,Y
587,유해진,트리플 천만 배우가 왕으로 돌아온다?? 큰 자기와 찰떡 케미 유해진 자기님?? #highlight#,168,2263238,15158,631,1148,739111,449,4.336,연예인,M,청년,N,Y
588,오세연,"입덕부터 탈덕까지, 진짜 팬들의 이야기?? 영화 '성덕'의 오세연 감독님?? #highlight#",168,212040,2165,105,814,739111,449,4.336,예술인,F,중년,Y,N
589,이범식,강인한 의지와 열정으로 58세에 박사 되다?? 이범식 자기님의 토크? #highlight#,168,60058,1067,72,935,739111,449,4.336,사회복지,M,중년,Y,N
590,정윤,감독님 존경한다는 정윤 자기님 말에 냅다 이름 맞혀보려는 조셉ㅋㅋ #유료광고포함#,168,6580,90,5,287,739111,449,4.336,학생,M,청소년,N,N
591,로이스 킴,50대에 G사 신입사원이 된 로이스 킴(정김경숙) 자기님! 직장 생활 잘하는 법?? #highlight#,169,204674,1758,107,879,741602,442,4.019,기타,F,중년,N,N
592,션,션 자기님의 감동적인 기부 스토리! 누군가를 도울 수 있다는 건 행운??  #highlight#,169,118831,1762,111,926,741602,442,4.019,연예인,M,중년,N,Y
593,조혜송,문과 출신 N사 웹 개발자 자기님이 알려주는 신입사원의 모든 것?? #highlight#,169,45755,421,32,628,741602,442,4.019,전문기술,M,청년,Y,N
594,조혜송,문과 출신이 N사 웹 개발자가 되기 위해 준비한 과정 대.공.개??#,169,6485,80,9,243,741602,442,4.019,전문기술,M,청년,Y,N
595,유택근,유택근 자기님이 직접 들려주는 타일공의 하루 일과#,169,6786,70,4,208,741602,442,4.019,전문기술,M,청년,Y,N
596,김붕년,2026년까지 예약이 꽉! 소아·청소년 정신과 김붕년 교수님의 명강의 ?? #highlight#,170,210378,2253,95,827,744093,435,5.108,사회복지,M,중년,N,N
597,손석구,남자가 봐도 SEXY..손석구 자기님은 못하는 게 뭐예요?? #highlight#,170,98214,1019,58,935,744093,435,5.108,연예인,M,청년,N,Y
598,오요안나,기상 캐스터' 궁금해? ?? 그럼 일단 들어와. 3사 기상 캐스터가 다 모였다☆ #highlight#,170,41044,452,30,889,744093,435,5.108,운동선수,F,청년,Y,Y
599,남유진,기상 캐스터' 궁금해? ?? 그럼 일단 들어와. 3사 기상 캐스터가 다 모였다☆ #highlight#,170,41044,452,30,889,744093,435,5.108,예술인,F,청년,Y,Y
600,배혜지,기상 캐스터' 궁금해? ?? 그럼 일단 들어와. 3사 기상 캐스터가 다 모였다☆ #highlight#,170,41044,452,30,889,744093,435,5.108,연예인,F,청년,Y,Y
601,이동원,"""그알"" 동원 PD 자기님은 취재하기 위해 안 해본게 없다!??? #highlight#",171,2568218,18023,709,1209,746583,428,5.336,전문기술,M,청년,Y,N
602,god,완전체로 예능 컴백한 god? 첫인상부터 JYP 썰까지 웃음보 장착 준비?? #highlight#,171,1015674,9987,452,1022,746583,428,5.336,연예인,M,중년,N,Y
603,박정하,구조되기까지?? 봉화 광산 붕괴 사고 생존자 박정하 자기님의 암담했던 심정??  #highlight#,171,166599,2297,113,1129,746583,428,5.336,전문기술,M,청년,Y,N
604,손웅정,"(ENG)손흥민이 축구로 성공할 수밖에 없었던 이유, 손웅정 자기님의 노력? #highlight#",172,3916328,41517,4017,866,749074,421,6.603,운동선수,M,청년,N,Y
605,뉴진스,(ENG)라따따따 내 심장을 울린~ ★뉴진스★의 A to Z?? #highlight #highlight#,172,2321667,39096,1922,1276,749074,421,6.603,연예인,F,청년,Y,N
606,김상규,그알' 전설의 기장님을 모셨다! 하루 최장 운행 거리가 1200km..?#,172,25400,338,30,214,749074,421,6.603,기타,M,중년,Y,N
607,김민재2,96즈 김민재&황인범 선수가 생생하게 재연해 주는 월드컵 그때 그 상황? #highlight#,173,1652166,14793,928,1033,751565,414,5.83,운동선수,M,청년,Y,Y
608,최수혁,좋은 기운 잔뜩 받아 가? 수능 만점자 자기님들의 이야기 #highlight#,173,243483,1906,162,771,751565,414,5.83,학생,M,청소년,N,N
609,권하은,좋은 기운 잔뜩 받아 가? 수능 만점자 자기님들의 이야기 #highlight#,173,243483,1906,162,771,751565,414,5.83,학생,F,청소년,N,N
610,김연후,"유재석 아저씨 보고 싶었던 거 맞아요?ㅋㅋ 제가 좋아하는 NCT, BTS....#",173,17317,257,26,219,751565,414,5.83,기타,F,청년,N,N
611,임지호,"유재석 아저씨 보고 싶었던 거 맞아요?ㅋㅋ 제가 좋아하는 NCT, BTS....#",173,17317,257,26,219,751565,414,5.83,전문기술,M,청년,N,N
612,서정윤,"유재석 아저씨 보고 싶었던 거 맞아요?ㅋㅋ 제가 좋아하는 NCT, BTS....#",173,17317,257,26,219,751565,414,5.83,기타,M,청년,N,N
613,포레스텔라,전 세계 사람들의 귀를 녹인 포레스텔라의 개인기&라이브 SHOW?? #highlight#,174,653792,10933,528,1083,754056,407,5.553,연예인,M,청년,N,Y
614,조규성,★대한민국 9번 선수 조규성 자기님★ 그에게 축구란 무엇인가? #highlight#,174,618122,6936,424,1328,754056,407,5.553,운동선수,M,청년,N,Y
615,진명 스님,종교인 자기님들이 들려 주시는 꿀 같은 명언 모음? #highlight#,174,237711,2428,197,649,754056,407,5.553,사회복지,M,중년,Y,N
616,김진 목사,종교인 자기님들이 들려 주시는 꿀 같은 명언 모음? #highlight#,174,237711,2428,197,649,754056,407,5.553,사회복지,M,중년,N,N
617,차바우나 신부,종교인 자기님들이 들려 주시는 꿀 같은 명언 모음? #highlight#,174,237711,2428,197,649,754056,407,5.553,사회복지,M,중년,N,N
618,조정석,연기 장인부터 딸 바보의 모습까지? 다재다능 조정석 자기님의 A to Z #highlight#,175,1195160,8259,204,1427,756546,400,5.546,연예인,M,청년,Y,Y
619,김진수,기업에서 지원까지?! 34년 만의 대위 부부의 다섯 쌍둥이 탄생 이야기???? #highlight#,175,924236,7477,599,1182,756546,400,5.546,사회복지,M,청년,Y,N
620,국태익,졸업 사진 하면 의정부고지..! 의정부고 졸업 사진 모음부터 역사까지?? #highlight#,175,120340,1064,24,662,756546,400,5.546,운동선수,M,청년,Y,N
621,서혜정,기업에서 지원까지?! 34년 만의 대위 부부의 다섯 쌍둥이 탄생 이야기???? #highlight#,175,924236,7477,599,1182,756546,400,5.546,사회복지,F,청년,Y,N
622,주현서,졸업 사진 하면 의정부고지..! 의정부고 졸업 사진 모음부터 역사까지?? #highlight#,175,120340,1064,24,662,756546,400,5.546,운동선수,M,청년,Y,N
623,김혜자,괜히 '국민'이라는 타이틀이 붙는 게 아니다! 김혜자 자기님 편♥ #highlight#,176,533065,8068,492,1247,759037,393,6.281,연예인,F,노년,Y,Y
624,저스트 절크,춤으로 세계를 놀라게 한 댄스 크루! 저스트절크의 이야기 #highlight#,176,442137,5708,264,1145,759037,393,6.281,예술인,M,청년,Y,N
625,페퍼톤스,페퍼톤스는 어떻게 먹고 살까? 이렇게 먹고 살고 있습니다^^7 (걱정 ㄴㄴ해)#,177,480412,4587,293,467,761528,386,4.925,연예인,M,중년,N,Y
626,이하늬,(경) 이하늬 득녀 (축) 국악계 인재에서 다재다능 배우까지  #highlight#,177,425054,3366,193,1214,761528,386,4.925,연예인,F,청년,Y,Y
627,나종호,"용기 낸 당신에게 전하고 싶은 말, ""살아있어줘서 고맙습니다"" #highlight#",177,44196,651,28,829,761528,386,4.925,사회복지,M,중년,Y,N
628,민병철,영어는 비대면으로 해라! 민병철 자기님이 전화 영어를 선호하는 이유#,177,8832,78,16,238,761528,386,4.925,전문기술,M,중년,Y,Y
629,곽튜브,학교 폭력의 원인을 피해자에게서 찾는 사회... 곽튜브가 해외로 간 이유#,178,1157844,23127,3281,342,764019,379,6.162,예술인,M,청년,Y,Y
630,원지,학교 폭력의 원인을 피해자에게서 찾는 사회... 곽튜브가 해외로 간 이유#,178,1157844,23127,3281,342,764019,379,6.162,예술인,F,청년,N,N
631,이성민,미생에서 완생으로! 이성민 자기님의 연기 인생 #highlight#,178,490507,4854,265,989,764019,379,6.162,전문기술,M,청년,N,Y
632,나응식,강아지?? VS 고양이?? 내 반려동물의 매력 뽀인트는?  #highlight#,178,214471,3154,294,1016,764019,379,6.162,예술인,F,청년,Y,Y
633,나응식,이 시대 최대의 난제 '강아지 파 VS 고양이 파' 냥냥펀치는 애정표현?#,178,35918,456,56,385,764019,379,6.162,예술인,F,청년,Y,Y
634,설채현,이 시대 최대의 난제 '강아지 파 VS 고양이 파' 냥냥펀치는 애정표현?#,178,35918,456,56,385,764019,379,6.162,전문기술,F,청년,N,Y
635,정성일,유재석의 이중생활 아님. 배우 정성일님의 ?더 글로리?한 이야기 #highlight#,179,2042002,17568,2414,1094,766509,372,5.702,연예인,M,중년,N,Y
636,조정식,??뇌가 든든해지는 일타강사 자기님들의 토크♥ #highlight#,179,867064,5115,617,989,766509,372,5.702,연예인,M,청년,N,Y
637,김민정,??뇌가 든든해지는 일타강사 자기님들의 토크♥ #highlight#,179,867064,5115,617,989,766509,372,5.702,전문기술,F,청년,N,Y
638,이따끔,역대급 기자 이메일 OUCH!! 이따끔 자기님이 기자가 된 이유#,179,128220,1273,71,463,766509,372,5.702,전문기술,F,청년,N,N
639,이명현,전파천문학자는 프러포즈 스케일도 남다르다! 이게 먹히는 ☆연애 꿀팁★#,179,4359,83,1,258,766509,372,5.702,전문기술,F,청년,N,N
640,김성근,감독님 사랑해 예~~ '야신' 김성근 자기님과 야구 인생? #highlight#,180,863774,8638,791,1207,"769,000",365,4.703,운동선수,M,중년,N,Y
641,데니스 홍,미국 최초로 휴머노이드 로봇을? '로봇계 다빈치' 데니스 홍 자기님??  #highlight#,180,48580,509,32,737,"769,000",365,4.703,전문기술,M,청년,N,N
642,장정민,베놈 만든 장정민 자기님! 거장 감독들이 CG 의뢰할 때 (ft. 3D 유재석)#,180,10521,140,5,224,"769,000",365,4.703,전문기술,F,중년,N,N
643,이승훈2,"되돌아오는 종이비행기? 월클 국가대표, 이승훈 자기님의 포포몬쓰?? #highlight#",181,209670,1681,131,1243,"770,000",358,4.889,기타,M,중년,Y,N
644,김영준,"되돌아오는 종이비행기? 월클 국가대표, 이승훈 자기님의 포포몬쓰?? #highlight#",181,209670,1681,131,1243,"770,000",358,4.889,전문기술,M,중년,N,N
645,이정욱,"되돌아오는 종이비행기? 월클 국가대표, 이승훈 자기님의 포포몬쓰?? #highlight#",181,209670,1681,131,1243,"770,000",358,4.889,전문기술,M,청년,N,N
646,신호철,??비상한 능력자?? '건축 거장' 승효상 자기님 & '항공 의사' 신호철 자기님 #highlight#,181,90648,654,44,1297,"770,000",358,4.889,전문기술,M,중년,N,N
647,승효상,건축 거장' 승효상 자기님이 지은 절친 유홍준 집 공개!#,181,6455,106,1,280,"772,000",358,4.889,예술인,M,노년,N,Y
648,정재일,"〈기생충〉, 〈오징어 게임〉 음악감독! '천재가 인정한 천재' 정재일 자기님?? #highlight#",182,663141,7724,506,1163,"772,000",350,4.774,예술인,M,중년,N,Y
649,장미란,3대 625 쳤던 갓미란 클라스??데드리프트 일타특강(with 큰 자기&아기자기)#,183,811226,5397,1085,464,"772,000",343,6.067,운동선수,M,청년,N,Y
650,조진웅,"조진웅 자기님 옴,, 시그널부터 범죄와의 전쟁까지 조진웅장하다?? #highlight#",183,534775,3868,213,1000,"772,000",343,6.067,연예인,M,청년,Y,Y
651,정하랑,12살 한국사 천재' 정하랑 자기님이 3.1운동 요약해 드림? #highlight#,183,168247,3587,0,923,"772,000",343,6.067,학생,M,청소년,Y,N
652,최양락,들숨에 드립 날숨에 킹받ㅋㅋ 타고난 웃수저 최양락 자기님?? #highlight#,184,2387074,15920,1276,1140,"773,000",336,4.884,연예인,M,노년,N,Y
653,김윤경,수익 0%에도 '천 원 식당' 운영하는 김윤경 자기님? (ft. 아미) #highlight#,184,395781,4852,600,1032,"773,000",336,4.884,기타,F,중년,Y,N
654,박성희,회사와 헤어질 결심? 박성희 자기님 퇴사할 때 했던 질문 3가지!#,184,162851,1976,53,362,"773,000",336,4.884,기타,F,청년,Y,N
655,안세영,국제 대회 2연속 우승' 안세영 자기님과 2:1 배드민턴 대결?!#,184,16396,152,8,255,"773,000",336,4.884,운동선수,F,청년,Y,Y
656,황광희,"웃음 드셔, 어차피 보실 거잖아! 광희 자기님, 결국 미치광희 자아 나옴? #highlight#",185,2612844,36195,3216,1059,"774,000",329,4.324,연예인,M,청년,N,Y
657,추성훈,"아저씨 무시하지 마?? 무시무시한 피지컬100, 추성훈 자기님 #highlight#",185,932193,7417,463,1096,"774,000",329,4.324,운동선수,M,중년,Y,Y
658,안한별,절망 속에 핀 사람꽃ㅠㅠ 튀르키예 지진 구호대 자기님들?? #highlight#,185,122753,1518,58,1020,"774,000",329,4.324,사회복지,M,중년,Y,N
659,김재근,절망 속에 핀 사람꽃ㅠㅠ 튀르키예 지진 구호대 자기님들?? #highlight#,185,122753,1518,58,1020,"774,000",329,4.324,사회복지,M,청년,Y,N
660,이기평,절망 속에 핀 사람꽃ㅠㅠ 튀르키예 지진 구호대 자기님들?? #highlight#,185,122753,1518,58,1020,"774,000",329,4.324,사회복지,M,청년,Y,N
661,김철현,절망 속에 핀 사람꽃ㅠㅠ 튀르키예 지진 구호대 자기님들?? #highlight#,185,122753,1518,58,1020,"774,000",329,4.324,사회복지,M,청년,Y,N
662,이도현,칼춤? 테크토닉? 추는 '다정한 망나니' 이도현 자기님 #highlight#,186,1815699,22286,1108,1030,"778,000",323,5.483,연예인,M,청년,Y,Y
663,조성진,어떻게 사람이 피아노? 목소리까지 서윗한 '조성진' 자기님의 갓벽한 선율♪ #highlight#,186,452823,7098,510,995,"778,000",323,5.483,예술인,M,청년,N,Y
664,이지선,"세상은 이지선 자기님에게 물었고, 이지선은 자신을 답했다?? #highlight#",186,421166,8312,581,1115,"778,000",323,5.483,전문기술,F,중년,Y,Y
665,전도연,"""ㄱ나니?"" ""한량..?"" 전도연 X 유재석의 창과 방패 대결에 승자는? #highlight#",187,2271725,13163,957,1177,"778,000",316,6.024,연예인,F,청년,Y,Y
666,최창호,나라가 없으면 부자도 없다. 독립자금에 1000억 들인 최부잣집 클라쓰?? #highlight#,187,546137,5275,652,1285,"783,000",316,6.024,기타,M,중년,Y,N
667,알비올 안드레스,이런 기관사?? 봤어? 한국 패치 완료 안드레스 자기님ㅋㅋㅋ #highlight#,188,3214233,40462,2207,1352,"783,000",309,5.241,전문기술,M,청년,Y,N
668,성시경,마이크??들다가 수저??까지 들어버린 고막 남친 성시경 자기님 #highlight#,188,2066241,14705,1173,1182,"783,000",309,5.241,연예인,M,청년,Y,Y
669,김영진,한복을 찾아오게 만들고 범죄를 찾아낸다! #highlight#,188,238635,1317,65,1446,"787,000",309,5.241,예술인,F,청년,N,N
670,이진아,[소확횡] '소' 박하지만 '확' 실한 '횡' 령은 법에 걸릴까?#,188,227194,953,168,483,"787,000",309,5.241,연예인,F,청년,N,N
671,김희애,퀸 그 잡채?? 김희애 자기님의 데뷔 시절부터 지금까지! #highlight#,189,716706,6408,384,1402,"787,000",302,5.153,연예인,F,중년,Y,Y
672,윤수빈,"간호사 아니고, 약사입니다!! 약제부에 이중금고가 필요한 이유#",189,302461,1969,143,493,"787,000",302,5.153,전문기술,F,청년,Y,N
673,장혜진,"간호사 아니고, 약사입니다!! 약제부에 이중금고가 필요한 이유#",189,302461,1969,143,493,"793,000",302,5.153,전문기술,F,청년,Y,N
674,한정숙,국가 대표들의 ??밥을 책임지는 자 & 환자들의 ??약을 책임지는 자 #highlight#,189,276206,1462,61,1438,"793,000",302,5.153,전문기술,F,청년,N,N
675,이제훈,"??이제훈의 사랑 3연타?? 전여친, 첫사랑, 최애 #highlight#",190,1061165,8410,541,1463,"793,000",295,4.952,연예인,M,청년,Y,Y
676,이병헌,"터질 줄 몰랐다?  [스물, 극한직업, 멜로가 체질] 이병헌 자기님의 비하인드!#",190,945362,5948,428,814,"793,000",295,4.952,연예인,M,중년,N,Y
677,이채운,//눈물 주의// 부모님은 자신들의 꿈을 잠시 미루고 아들의 꿈을 지지해 주신다#,190,40460,483,0,414,"793,000",295,4.952,운동선수,M,청년,Y,Y
678,태양,"빅뱅의 '거짓말', '하루하루'로 히트 친 후 변한 것은? (ft.유두래곤) #highlight#",191,1138102,9766,740,1076,"793,000",288,4.561,연예인,M,청년,Y,Y
679,궤도,[미신의 끝] 가위&주마등을 과학적으로 분석한다면? #highlight#,191,864751,9510,680,887,"797,000",288,4.561,전문기술,M,청년,N,N
680,홍연진,상상도 못한 테스트 ㄴ??ㄱ '태양의 서커스' 들어가는 게 쉽지 않다..ㅠㅠ#,191,10277,104,5,298,"797,000",288,4.561,운동선수,F,청년,N,N
681,에픽하이,힙합안에 숨겨진 개그 본능?? 웃수저 에픽하이 & 역대급 마녀사냥 #highlight#,192,2104254,14729,1378,1514,"797,000",281,4.498,연예인,M,청년,Y,Y
682,곽은진,전국 노래자랑의 다비치 〈조리원 동기 - 평행선〉 귀에 맴도는 뚜루뚜뚜#,192,1794129,7639,852,486,"797,000",281,4.498,전문기술,F,청년,Y,N
683,이보미,전국 노래자랑의 다비치 〈조리원 동기 - 평행선〉 귀에 맴도는 뚜루뚜뚜#,192,1794129,7639,852,486,"799,000",281,4.498,전문기술,F,청년,Y,N
684,김소연,인간 '스톱'?워치 남편 이상우 & 찐 사랑꾼 아내 김소연 #highlight#,192,774187,7788,634,891,"799,000",281,4.498,연예인,F,청년,Y,Y
685,김우빈,어깨빵 당하고 싶은 남자 김우빈 자기님?? #highlight#,193,1256528,8876,424,1486,"799,000",274,4.353,연예인,M,청년,Y,Y
686,이유진,부족한 수면??의 원인은? & 어딘가 부족한 캐릭터 둘리 #highlight#,193,584998,3264,124,1355,"801,000",274,4.353,사회복지,F,중년,N,N
687,김수정,한국 빌런 = 둘리 | 배신 때린 시청자(?)#,193,311732,3240,359,471,"801,000",274,4.353,예술인,M,중년,Y,Y
688,류승범,20대의 류승범은 야생의 눈빛-★ 지금은 마리5..? #highlight#,194,1077789,7190,838,1269,"801,000",267,4.335,연예인,M,청년,N,Y
689,김소정,민간인 사찰 수준이 아닐까 싶은 김소정 자기님의 '우당탕탕 알바 시리즈'#,194,377968,4447,62,484,"801,000",267,4.335,전문기술,M,청년,Y,N
690,유준하,계속되는 입단 테스트 탈락.. 축구 선수를? 위해 선택한 것 #highlight#,194,73605,449,30,791,"805,000",267,4.335,운동선수,M,청년,Y,Y
691,강철원,우리 판다 (좋은) 사고 쳤다~!~! 푸바오 사육사 강철원 자기님 (또) 등장!#,195,622183,7445,179,435,"805,000",260,4.709,전문기술,M,중년,N,Y
692,이금희,이 목소리를 들으면 학교 지각! 우리의 아침을 열어준 이금희 자기님♥ #highlight#,195,489716,5333,178,1223,"805,000",260,4.709,예술인,F,중년,Y,Y
693,김환,네쌍둥이 엄빠의 고충ㅠㅠ 갑자기 선물을 들어 찾아온 회장님?!#,195,326757,2058,90,616,"809,000",260,4.709,기타,M,청년,Y,N
694,박두레,네쌍둥이 엄빠의 고충ㅠㅠ 갑자기 선물을 들어 찾아온 회장님?!#,195,326757,2058,90,616,"809,000",260,4.709,기타,M,청년,Y,N
695,이동규,올여름 필수 시청 영상! 모기에 대한 진실 혹은 거짓 #highlight#,195,236920,1980,112,1060,"809,000",260,4.709,사회복지,M,중년,N,N
696,정동식,[아빠의 눈물] 정동식 자기님의 말에 결국 눈물 흘린 아빠 유재석 #유료광고포함#,196,1326336,18730,1594,501,"809,000",253,4.798,운동선수,M,청년,Y,Y
697,김연경,올라운더가 되기 위한 큰 그림이었다. 인생이 한 편의 영화 같은 김연경 자기님?? #highlight#,196,671724,5678,267,1243,"809,000",253,4.798,운동선수,F,청년,Y,Y
698,김우주,요즘 10대들의 유행 댄스는 스털디!?? 라떼는 셔플댄스... 혹시 아니..? #highlight#,196,133332,1437,0,1112,"809,000",253,4.798,학생,M,청소년,Y,N
699,카리미 안왈,백종원 삼켰다는 화제의 외국인 | 삼쏘와 사랑에 빠진 카리미 자기님 #highlight#,197,509567,3596,264,1028,"809,000",246,4.893,전문기술,M,중년,Y,N
700,엄정화,"연기하면 엄정화, 노래하면 엄정화, 누나하면 엄정화 #highlight#",197,501392,4715,310,1313,"812,000",246,4.893,연예인,F,중년,Y,Y
701,문기호,"지뢰, 수류탄 폭발로 큰 부상을 입은 군인들.. 그들에게 희망을 준 문기호 자기님 #highlight#",197,33915,541,59,1068,"812,000",246,4.893,전문기술,M,중년,Y,N
702,김병철,했다 하면 대박 나는 김병철 자기님! 다음 드라마는 누구랑..? #highlight#,198,757149,5910,331,1266,"812,000",239,4.111,연예인,M,청년,Y,Y
703,이정봉,"[김나박이] 아닌 것 같지만 진짜, 다르지만 맞는! 원조 김나박이 자기님들 #highlight#",198,120273,800,97,1238,"812,000",239,4.111,예술인,M,청년,N,Y
704,박승화,"[김나박이] 아닌 것 같지만 진짜, 다르지만 맞는! 원조 김나박이 자기님들 #highlight#",198,120273,800,97,1238,"814,000",239,4.111,연예인,M,중년,N,Y
705,나들,"[김나박이] 아닌 것 같지만 진짜, 다르지만 맞는! 원조 김나박이 자기님들 #highlight#",198,120273,800,97,1238,"814,000",239,4.111,연예인,M,중년,N,Y
706,김성면,"[김나박이] 아닌 것 같지만 진짜, 다르지만 맞는! 원조 김나박이 자기님들 #highlight#",198,120273,800,97,1238,"814,000",239,4.111,연예인,M,중년,N,Y
707,이예주,고소공포증&물 공포증을 극복하고 숨 참고 다이빙???♀? #highlight #유료광고포함#,198,36116,291,0,934,"814,000",239,4.111,운동선수,F,청년,Y,N
708,강지호,고소공포증&물 공포증을 극복하고 숨 참고 다이빙???♀? #highlight #유료광고포함#,198,36116,291,0,934,"814,000",239,4.111,운동선수,M,청년,Y,N
709,정우철,사랑해도 될까요? VS 그게 되나 적당히 좋아하는 게 ㅡㅡ^#,198,6317,60,0,586,"814,000",239,4.111,예술인,M,청년,N,N
710,이준혁,사연있는 빌런? 그냥 울리고 싶은 나초왕자...이준혁  #highlight#,199,474781,7117,654,1321,"814,000",232,4.44,연예인,M,청년,N,Y
711,유세웅,나이팅게일도 안 알려준 야근?? 환자들의 꿈을 지키는 전쟁터 | 간호사 자기님들 #highlight#,199,138759,1602,74,1022,"817,000",232,4.44,전문기술,M,청년,Y,N
712,손창현,나이팅게일도 안 알려준 야근?? 환자들의 꿈을 지키는 전쟁터 | 간호사 자기님들 #highlight#,199,138759,1602,74,1022,"817,000",232,4.44,전문기술,M,청년,Y,N
713,콜린 크룩스,한국어 패치? ㄴㄴ남북 패치까지 가능^^ 주한영국대사 콜린 크룩스  #highlight#,199,120047,1247,47,1024,"817,000",232,4.44,전문기술,M,중년,N,N
714,김연아,김연아 자기님 의외의 인별그램 말투ㅋㅋㅋ#,200,370452,2984,136,468,"817,000",226,5.829,운동선수,F,청년,N,Y
715,김용만,[찐친 토크쇼] 김용만이 유재석 이별에?? 대처하는 법 #highlight#,200,352432,2943,127,886,"817,000",226,5.829,연예인,M,중년,Y,Y
716,백남문,2대째 무료로 ??결혼식?? 해드립니다! 신신예식장의 백남문 자기님! #highlight#,200,25996,432,27,796,"817,000",226,5.829,사회복지,M,노년,Y,N
717,신구,웬만해선 신구 자기님을 막을 수 없다! #highlight#,201,212514,2247,127,1092,"817,000",218,4.563,연예인,M,노년,Y,Y
718,장한나,첼로 요정에서 지휘 여제로! 장한나 자기님의 클래식 이야기! #highlight#,201,141037,1751,104,1044,"818,000",218,4.563,예술인,F,청년,Y,Y
719,유창훈,단지 '이것'만 발랐을 뿐인데 성범죄를 막았다!#,201,16104,241,14,425,"818,000",218,4.563,사회복지,M,중년,Y,N
720,강기영,알고 보니 유재석이랑 같이 광고도 찍었던 강기영 자기님?? #highlight#,202,682103,4961,189,1195,"818,000",211,3.962,연예인,M,청년,Y,Y
721,정희원,"세월 직격탄, 맞기만 하시나요? 태양 말고 노화를 피하는 방법 모음?? #highlight#",202,148613,1592,50,1185,"818,000",211,3.962,전문기술,M,청년,N,N
722,이상엽,JTBC 기자님이 알려주는 보이스피싱 수거책의 특징#,202,79687,794,46,702,"820,000",211,3.962,연예인,M,청년,Y,Y
723,김웬디,초등학생 천하장사?? 김웬디 자기님 & 밀착 보도의 신????♂? 이상엽 자기님 #highlight#,202,12726,161,0,1059,"820,000",211,3.962,학생,M,청소년,Y,N
724,주현영,"네, 젊은 패기로 신속 정확하게 열정을 전달한다! 안녕하세요 주.현.영 입니다^^ #highlight#",203,1228944,8937,380,1243,"820,000",204,4.061,연예인,F,청년,Y,Y
725,한호용,조세호 취향 저격?? 먹방부터 다이어트까지 잡은 홈쇼핑 배우 한호용 자기님 #highlight#,203,246251,2308,124,1167,"820,000",204,4.061,예술인,M,중년,Y,N
726,정명원,??열정 파워로?? 살아가는 자기님들의 이야기 흥부자 & 검사님 #highlight#,203,15508,147,8,1213,"821,000",204,4.061,전문기술,M,청년,Y,N
727,김현숙,전국 노래 자랑 김경호 할머니 | 이 세상 HIP함이 아닌 김현숙 자기님#,203,4956,102,7,355,"821,000",204,4.061,기타,F,노년,Y,N
728,조병영,문해력 이슈 | 문제는 영상 때문이다??? #highlight #유료광고포함#,204,726777,8168,1045,1180,"821,000",197,4.043,사회복지,M,청년,N,N
729,이정태,루게릭병 환자를 위한 발명품?! | '등교 침대&머리 감겨주는 기계' 만든 사람들 = 긱블 #highlight#,204,571912,4377,346,1297,"821,000",197,4.043,전문기술,M,청년,N,N
730,오은석,루게릭병 환자를 위한 발명품?! | '등교 침대&머리 감겨주는 기계' 만든 사람들 = 긱블 #highlight#,204,571912,4377,346,1297,"823,000",197,4.043,전문기술,M,청년,N,N
731,남궁민,??감독님을 찾습니다. 남궁민 자기님 안경 벗게 해주셔서 감사합니다!#,204,480474,3186,148,433,"823,000",197,4.043,연예인,M,청년,N,Y
732,안대성,발성 치료사 안대성 자기님이 알려주는 목소리 전달력을 높이는 방법!#,205,967198,22320,317,444,"823,000",190,3.927,사회복지,M,중년,Y,N
733,임지연,〈마당이 있는 더 글로리 중독〉 배우 임지연 자기님의 작품 이야기♥ #highlight#,205,537181,3724,201,1145,"823,000",190,3.927,연예인,F,청년,N,Y
734,손상모,?해적들의 경고? 나사에서 만든 13조 우주 망원경은 누구 손에? #highlight#,205,100842,620,26,1039,"823,000",190,3.927,전문기술,M,중년,Y,N
735,이병헌2,밈스타 이병헌 자기님이 SNL에 출연하게 된 비하인드 스토리#,206,705658,4217,227,545,"823,000",183,5.654,연예인,M,중년,N,Y
736,민시우,엄마의 약속 | 민시우 자기님 ?'슬픈 비' 시를 쓰게 된 사연 #highlight#,206,580096,7834,0,1048,"823,000",183,5.654,예술인,M,청소년,Y,N
737,서려경,?????의사와 ??복싱 챔피언을 동시에?! 서려경 자기님의 이중생활을 탐구 해봤습니다 #highlight#,206,365987,2478,402,1043,"823,000",183,5.654,사회복지,F,청년,Y,N
738,김희선,김희선 자기님이 조세호 전화번호 딴 썰#,207,559668,1564,182,521,"823,000",176,4.977,연예인,F,청년,N,Y
739,띠예,띠예X유재석X조세호 바다포도 먹방 ASMR + 연애 상담?? (설참) #highlight#,207,64417,674,0,948,"823,000",176,4.977,예술인,F,청소년,Y,Y
740,배수현,21년 차 치어리더는 야구 선수의 모자만 보고도 누군지 알 수 있다?#,207,19131,197,12,589,"823,000",176,4.977,예술인,F,청년,Y,Y
741,허주행,시켜줘 명예의 꿀벌?? 지킴이... 대체불가한 꿀벌 수의사 허주행 자기님! #highlight#,207,17147,198,12,878,"823,000",176,4.977,사회복지,M,청년,N,N
742,정유미,"성시경X정유미 '안드로메다' 들은 후기 ""혹시 메아리세요?ㅋㅋㅋ""#",208,159541,1055,71,646,"823,000",169,4.485,연예인,F,청년,N,Y
743,안젤라 센,자존감 하락의 원인은 SNS? 칭찬 감옥을 못 견디는 사람들 #유료광고포함#,208,142396,1529,187,454,"823,000",169,4.485,사회복지,M,청년,Y,N
744,김택연,아이가 원해서 전학까지?! 선생님과 제자들의 깊은 유대감 오색 분교 #highlight#,208,99631,943,0,906,"824,000",169,4.485,사회복지,M,중년,Y,N
745,김기웅,아이가 원해서 전학까지?! 선생님과 제자들의 깊은 유대감 오색 분교 #highlight#,208,99631,943,0,906,"824,000",169,4.485,사회복지,M,청년,N,N
746,김강연,아이가 원해서 전학까지?! 선생님과 제자들의 깊은 유대감 오색 분교 #highlight#,208,99631,943,0,906,"824,000",169,4.485,기타,M,중년,Y,N
747,이대우,정신질환을 빌미로 감형? 무조건 면제는 아닙니다#,208,24257,166,10,628,"824,000",169,4.485,사회복지,M,중년,Y,Y
748,이준기,준기는 석류를 좋아해~?? 대한민국을 석류 섭취 강국? 으로 만든 이준기 자기님 #highlight#,209,115719,1369,126,929,"836,000",162,4.403,연예인,M,청년,Y,Y
749,김휘우,배울 점이 많은 초등학생 등장?? 세상에 고운 말을 전하는 김휘우 자기님 #highlight#,209,105531,1133,0,890,"836,000",162,4.403,학생,M,청소년,Y,N
750,조영민,물리적 포만감과 생리학적 포만감? 가족력 없는 당뇨는 췌장암이라고?!#,209,67174,431,64,713,"836,000",162,4.403,사회복지,M,중년,N,N
751,윤순진,이렇게 나빠진 건 우리가 자초한 건 아니었을까? 지구와 내 몸의 건강 상태 #highlight#,209,9068,74,5,889,"836,000",162,4.403,사회복지,F,중년,N,N
752,뷔,[SUB]한 계단 한 계단 밟아온 서사 깊은 BTS 뷔???? 유느님이 뷔에게 궁금한 것! #highlight#,210,1840162,53231,2042,1120,"854,000",155,4.258,연예인,M,청년,N,Y
753,김기호,샤*과 함께 전시를?! 국가는 물론 해외에서도 인정받는 금박 부부 자기님들 #highlight#,210,61882,720,36,1099,"854,000",155,4.258,예술인,M,중년,Y,N
754,박수영,샤*과 함께 전시를?! 국가는 물론 해외에서도 인정받는 금박 부부 자기님들 #highlight#,210,61882,720,36,1099,"854,000",155,4.258,예술인,M,중년,Y,N
755,천종원,"""조세호 님! 너무 흥분하셨어요!"" 천종원 자기님과 함께 하는 클라이밍#",210,11718,115,6,513,"854,000",155,4.258,운동선수,M,청년,Y,Y
756,신은수,"천재 개발자 신은수, 조용인 자기님 & 클라이밍 국가대표 천종원 자기님 #highlight#",210,10263,62,4,940,"854,000",155,4.258,전문기술,M,청년,Y,N
757,조용인,"천재 개발자 신은수, 조용인 자기님 & 클라이밍 국가대표 천종원 자기님 #highlight#",210,10263,62,4,940,"854,000",155,4.258,전문기술,M,청년,Y,N
758,강동원,"20년 만에 예능으로 돌아온 강동원 자기님?? '전우치', '의형제' 등 대작 비하인드 #highlight#",211,1936696,18111,1739,1109,"856,000",148,4.783,연예인,M,청년,N,Y
759,김정민,맛과 정성을 곱빼기로 주셨던 브로드웨이 샌드위치?? 부부 이야기 #highlight #유료광고포함#,211,293432,4530,364,1117,"856,000",148,4.783,기타,M,노년,Y,N
760,김자희,맛과 정성을 곱빼기로 주셨던 브로드웨이 샌드위치?? 부부 이야기 #highlight #유료광고포함#,211,293432,4530,364,1117,"856,000",148,4.783,기타,F,노년,Y,N
761,조선미,요즘 아이들이 달라진 이유는? 부모가 아이에게 절대 하면 안 되는 말#,211,280847,3002,582,503,"856,000",148,4.783,사회복지,M,중년,Y,N
762,덱스,순순히 내꺼했으면 좋겠는 ??핫가이?? 덱스 자기님 UDT부터 예능인이 되기까지! #highlight#,212,1771917,16234,1087,1110,"860,000",141,3.9,연예인,M,청년,Y,Y
763,김남길,[선공개] 사람 좋아하는??우주최강수다배우?김남길#,212,199324,3478,264,106,"860,000",141,3.9,연예인,M,청년,Y,Y
764,서승호,잠실  L타워 외벽을 물로 닦으면 행인들이 맞을 텐데... 어떻게 청소하세요?#,212,138453,584,135,677,"860,000",141,3.9,기타,M,청년,Y,N
765,김예빈,(여자)아이들 - 퀸카 노래에 태권 체조를 말아주는 깜찍 박력 태권 키즈!#,212,101930,848,0,476,"860,000",141,3.9,학생,F,청소년,Y,N
766,조영석,잠실  L타워 외벽을 물로 닦으면 행인들이 맞을 텐데... 어떻게 청소하세요?#,212,138453,584,135,677,"860,000",141,3.9,기타,M,노년,Y,N
767,박지솔,(여자)아이들 - 퀸카 노래에 태권 체조를 말아주는 깜찍 박력 태권 키즈!#,212,101930,848,0,476,"860,000",141,3.9,학생,F,청소년,Y,N
768,홍연우,(여자)아이들 - 퀸카 노래에 태권 체조를 말아주는 깜찍 박력 태권 키즈!#,212,101930,848,0,476,"860,000",141,3.9,학생,F,청소년,Y,N
769,박세리,갑자기 병문안을 온 박찬호?! ?골프 천재 박세리 자기님의 인생 이야기 #highlight#,213,284456,1852,80,1117,"861,000",134,3.476,운동선수,F,청년,Y,Y
770,윤도현,암을 이겨내고 건강한 모습으로 돌아온 윤도현 자기님의 음악 이야기?? #highlight#,213,152115,1113,67,1029,"861,000",134,3.476,연예인,M,중년,Y,Y
771,오정세,내 과몰입 버튼 = 오정세 자기님의 연기! 오디션 썰 부터 대작 이야기까지 #highlight#,214,736990,6113,310,1110,"863,000",120,4.132,연예인,M,청년,N,Y
772,이다슬,어쩌면 매일 듣던 목소리! 리그 오브 레전드 성우 이다슬 자기님#,214,482479,3081,236,456,"863,000",120,4.132,연예인,F,청년,N,Y
773,오상우,이제는 더 이상 물러날 곳이 없다! 조세호로 알아보는 체중 유지#,214,444180,3634,132,648,"863,000",120,4.132,사회복지,M,중년,N,N
774,김우민,"아이돌 아니고 수영 국가 대표 황금즈! 양재훈, 이호준, 김우민, 황선우 자기님 #highlight#",214,212146,2096,71,1016,"863,000",120,4.132,운동선수,M,청년,Y,Y
775,이호준,"아이돌 아니고 수영 국가 대표 황금즈! 양재훈, 이호준, 김우민, 황선우 자기님 #highlight#",214,212146,2096,71,1016,"863,000",120,4.132,운동선수,M,청년,Y,Y
776,양재훈,"아이돌 아니고 수영 국가 대표 황금즈! 양재훈, 이호준, 김우민, 황선우 자기님 #highlight#",214,212146,2096,71,1016,"863,000",120,4.132,운동선수,M,청년,Y,Y
777,구희아,유재석X조세호도 춤추게 만드는 구희아 자기님의 무대 + 입꼬리 올라가는 연애 썰#,215,1099659,6117,696,666,"864,000",113,3.903,기타,F,청년,Y,N
778,신혜선,신혜선의 법칙 : 일단 신혜선 자기님이 나오면 작품 짱 재밌음??#highlight#,215,570350,4494,191,1113,"864,000",113,3.903,연예인,F,청년,N,Y
779,김관우,아시안게임 금메달리스트! 스트리트파이터 국가 대표 김관우 자기님?? #highlight#,215,87860,782,77,1021,"864,000",113,3.903,운동선수,M,청년,N,Y
780,김성묵,"어디는 맞고, 어디는 틀린다? 기상 예보가 틀렸을 때 오는 민원#",215,58261,306,53,665,"864,000",113,3.903,기타,M,청년,Y,N
781,신유빈,유재석X조세호 vs 신유빈 자기님 | 의외로 박빙인 2 대 1 탁구 경기!#,216,687590,2806,233,622,"865,000",106,3.548,운동선수,F,청소년,Y,Y
782,유병재,삼각관계..? 유규선과 복잡한 사이였던 유병재 #highlight#,216,309717,2365,76,1034,"865,000",106,3.548,연예인,M,청년,N,Y
783,송민규,"[선공개] 축구 국대팀이 밝히는 캡틴백의 두 얼굴(?) ""제가 알던 형이 아니었어요.."" ㅋㅋ#",216,126881,1534,85,123,"865,000",106,3.548,운동선수,M,청년,Y,Y
784,유규선,삼각관계..? 유규선과 복잡한 사이였던 유병재 #highlight#,216,309717,2365,76,1034,"865,000",106,3.548,연예인,M,청년,N,N
785,백승호,"[선공개] 축구 국대팀이 밝히는 캡틴백의 두 얼굴(?) ""제가 알던 형이 아니었어요.."" ㅋㅋ#",216,126881,1534,85,123,"865,000",106,3.548,운동선수,M,청년,Y,Y
786,박진영_2,(BTS 미방분 포함) BTS 준비할 때 엔터 사업을 접으려 했던 방시혁 자기님#,217,2084797,17495,1190,620,"871,000",99,6.537,연예인,M,중년,N,Y
787,이효철,"세계 1탑?? 폼 미친 공중부양 춤, 슬릭백의 고수 이효철 자기님! #highlight#",217,1829712,18246,1589,1092,"871,000",99,6.537,기타,M,청소년,Y,N
788,방시혁,(BTS 미방분 포함) BTS 준비할 때 엔터 사업을 접으려 했던 방시혁 자기님#,217,2084797,17495,1190,620,"871,000",99,6.537,연예인,M,중년,N,Y
789,천애정,"세계 1탑?? 폼 미친 공중부양 춤, 슬릭백의 고수 이효철 자기님! #highlight#",217,1829712,18246,1589,1092,"871,000",99,6.537,기타,F,중년,Y,N
790,최수종,사극의 왕?? 최수종 자기님이 본 유재석 X 조세호의 조선시대 신분은? #highlight#,218,488961,3491,380,1100,"874,000",92,3.659,연예인,M,노년,Y,Y
791,이은영,S전자 노래자랑 1등 하면 뭘 주나요? 4등은 호텔 숙박권?! ㄷㄷ#,218,37280,195,21,397,"874,000",92,3.659,기타,F,청년,N,N
792,김인환,S전자 노래자랑 1등 하면 뭘 주나요? 4등은 호텔 숙박권?! ㄷㄷ#,218,37280,195,21,397,"874,000",92,3.659,기타,F,청년,N,N
793,김용만2,왕을 뛰어넘은 신의 존재! 갓반인 김용만 & 서용상 자기님이 외국에서 성공한 썰 #highlight#,218,36005,202,18,991,"874,000",92,3.659,기타,M,중년,Y,Y
794,서용상,≫꿈빛 파티시엘 현실판≪ 프랑스 사람들이 좋아하는 한국 빵?#,218,35010,300,22,416,"874,000",92,3.659,예술인,M,중년,Y,N
795,김하성,김하성 자기님 혹시 오타니 쇼헤이 선수랑 친하세요?#,219,1067661,6018,346,471,"876,000",85,4.738,운동선수,M,청년,N,Y
796,임수정,[선공개]매니저 없는 임수정!? ,219,550408,3188,269,206,"876,000",85,4.738,연예인,F,청년,Y,Y
797,구철수,(감동 주의) 초등학생 제자들이 성인이 되어 다시 구철수 자기님을 찾아오다! #highlight#,219,185627,1980,106,1073,"876,000",85,4.738,사회복지,M,중년,Y,N
798,유연석,짝사랑 많이 하고 슬기로운 의사 생활도 많이 한 유연석 자기님에게 묻다 #highlight#,220,867024,7010,242,1067,"879,000",78,4.632,연예인,M,청년,Y,Y
799,임찬규,29년 만에 우승한 트윈스 오지환 & 임찬규 자기님의 야구? 이야기 #highlight#,220,309841,3923,313,1115,"879,000",78,4.632,운동선수,M,청년,Y,Y
800,오지환,29년 만에 우승한 트윈스 오지환 & 임찬규 자기님의 야구? 이야기 #highlight#,220,309841,3923,313,1115,"879,000",78,4.632,운동선수,M,청년,Y,Y
801,서주향,조세호랑 마음의 줄타기..? 어름사니 서주향 자기님 토크 폼 역대급ㅋㅋㅋ #highlight#,220,138135,862,79,1001,"879,000",78,4.632,예술인,F,청년,Y,N
802,서영갑,근육에는 나이가 없다?? 친구들은 지팡이를 들 때 서영갑 자기님은 아령을 든다! #highlight#,221,277858,1594,186,1008,"880,000",71,4.486,서비스,M,노년,Y,N
803,하지원,"다모 촬영 당시, 이서진 자기님 때문에 촬영을 못하겠다고 말한 하지원 자기님?!#",221,264021,1562,77,602,"880,000",71,4.486,연예인,F,청년,Y,Y
804,김지윤,"""한국이 강대국이라고 생각하시나요?"" 이 질문에 대부분 사람들의 대답은?#",221,181703,1321,190,449,"880,000",71,4.486,사회복지,F,청년,Y,Y
805,양영철,2023년 다시 돌아온 '빈대' 최근 갑자기 발생한 사태가 아니다?#,221,20621,152,13,561,"880,000",71,4.486,사회복지,M,중년,N,N
806,이진형,뚝심 있는 연구로 뇌?? 질환 치료를 개척한 이진형 자기님 #highlight#,222,129138,1427,70,998,"881,000",64,5.2,사회복지,F,청년,Y,Y
807,김록호,이렇게 많이 준다고요?! WHO 근무하면 받는 혜택#,222,105848,547,66,541,"881,000",64,5.2,사회복지,M,중년,Y,Y
808,박서준,이제 서진이네 멤버들 다 유퀴즈 자기님?? 박서준 자기님의 청춘 시절은?,223,476607,3420,179,1118,"882,000",57,4.818,연예인,M,청년,N,Y
809,송태욱,드라마 '보이스' 현실판! 범죄 골든타임? 대한민국 치안 해결사 송태욱 자기님 #highlight#,223,84150,652,16,913,"882,000",57,4.818,사회복지,M,청년,Y,N
810,김정자,가슴 뭉클해지는 이야기 | 죽을 때까지 연필을 놓지 않겠다는 김정자 자기님 #highlight#,223,79889,1482,59,961,"882,000",57,4.818,예술인,F,노년,Y,N
811,이상혁,국위선양 대상혁?? 모든 길은 페이커를 통한다 #highlight#,224,1012848,10308,610,1108,"885,000",50,4.621,운동선수,M,청년,Y,Y
812,유의배,성심원의 한센인을 사랑으로 품어주신 유의배 신부님 이야기?? #highlight#,224,396901,5272,344,1067,"885,000",50,4.621,사회복지,M,노년,Y,N
813,김예화,(경) 19살 취뽀 (축) 고등학교 졸업 동시에 은행 합격! 면접 비법이 있나요?#,224,140346,722,0,652,"885,000",50,4.621,서비스,F,청년,Y,N
814,이채현,(경) 19살 취뽀 (축) 고등학교 졸업 동시에 은행 합격! 면접 비법이 있나요?#,224,140346,722,0,652,"885,000",50,4.621,서비스,F,청년,Y,N
815,김창옥,나를 돌아보고 남을 알아보게 만드는 소통의 마법사???♂? 김창옥 자기님 #highlight#,225,1141507,15549,338,986,"888,000",43,5.556,연예인,M,중년,N,Y
816,서진규,미군 모녀이자 하버드 동문! 서진규 & 조성아 자기님의 특별한 삶 #highlight#,225,557256,4768,347,1037,"888,000",43,5.556,사회복지,F,청년,Y,N
817,조성아,미군 모녀이자 하버드 동문! 서진규 & 조성아 자기님의 특별한 삶 #highlight#,225,557256,4768,347,1037,"888,000",43,5.556,사회복지,F,노년,Y,N
818,장나라,인간 탕후루 장나라 자기님의 당도 높은 모먼트 모음?? #highlight#,225,460818,4268,371,1067,"888,000",43,5.556,연예인,F,청년,Y,Y
819,오승은,드디어 해명합니다! 1998년 당시 H.O.T.를 모를 수 있었습니까? #highlight#,226,1024880,8396,895,1087,"892,000",36,5.017,사회복지,F,청년,Y,Y
820,공효진,??드라마 로코 장인에서 현실 로맨스까지 성공한 공효진 자기님?? #highlight#,226,579800,4415,224,1114,"892,000",36,5.017,연예인,F,청년,N,Y
821,이평화,줏대 있는 사나이! 대장장이 이평화 자기님이 꿈을 이룬 이유는 집안 내력?! #highlight#,226,92697,870,0,934,"892,000",36,5.017,기타,M,청년,Y,N
822,이영림,"""2천 평 집에서 반려견과 둘이 살았어요"" 완전 헐값에 궁전(?)에서 살았던 이유#",227,506985,3894,259,344,"892,000",36,6.233,사회복지,F,노년,Y,N
823,김대호,[선공개] 아나운서 김대호의 직장 처세술과 나경은 선배의 물건을 버린 신입시절??#,227,294853,2031,133,207,"892,000",36,6.233,연예인,M,청년,Y,Y
824,이정은,33년 만에 폐관? '학전'을 살려야 하는 이유 알려드립니다 #highlight#,227,227498,2060,165,928,"892,000",36,6.233,연예인,F,중년,Y,Y
825,장현성,33년 만에 폐관? '학전'을 살려야 하는 이유 알려드립니다 #highlight#,227,227498,2060,165,928,"892,000",36,6.233,연예인,M,중년,Y,Y
826,윤상,[미방분] RIIZE 라이즈 {Love 119}  {Get A Guitar} 댄스 풀버전 공개 ??#,228,650438,22759,796,147,"892,000",29,4.912,연예인,M,중년,N,Y
827,앤톤,[미방분] RIIZE 라이즈 {Love 119}  {Get A Guitar} 댄스 풀버전 공개 ??#,228,650438,22759,796,147,"894,000",29,4.912,연예인,M,청소년,N,Y
828,류의식,"슈돌 대한, 민국, 만세를 촬영한 PD님?! 당근 부부의 직업과 연애 썰♥#",228,208197,834,43,381,"894,000",29,4.912,예술인,M,청년,Y,N
829,강지강,"슈돌 대한, 민국, 만세를 촬영한 PD님?! 당근 부부의 직업과 연애 썰♥#",228,208197,834,43,381,"894,000",29,4.912,전문기술,F,청년,Y,N
830,유연수,음주 운전 사고로 축구 선수 생활을 잃었습니다 #highlight#,228,204607,2509,414,983,"894,000",29,4.912,운동선수,M,청년,Y,Y
831,박인비,첫인상 사투리 쓰는 아저씨?! 골프가 이어준 인연! 박인비♥남기협#,228,81779,500,36,501,"894,000",29,4.912,운동선수,F,청년,Y,Y
832,김영옥,연륜만큼 맵고 찰지다는 김영옥 X 나문희 자기님의 입담 ㅋㅋㅋ #highlight#,229,508075,5183,186,1044,"897,000",22,4.468,연예인,F,노년,Y,Y
833,나문희,연륜만큼 맵고 찰지다는 김영옥 X 나문희 자기님의 입담 ㅋㅋㅋ #highlight#,229,508075,5183,186,1044,"897,000",22,4.468,연예인,F,노년,Y,Y
834,신영철,내가 도파민 중독자? 일시적인 쾌감에 속지 마세요 #highlight#,229,234968,2939,129,1106,"897,000",22,4.468,사회복지,M,노년,Y,N
